Rule ID,Rule Name,規則名稱,規則名稱 - Reviewed,Expectation,預期,預期 - Reviewed,對應規範,狀態,檢測類型,檢測工具,來源連結,分類,無障礙主題,必／選,知識難度,知識難度(修),檢測方式類型
APG-ACC-001,Accordion header toggles its panel with Enter or Space,Accordion 標頭可用 Enter 或 Space 切換面板,Accordion 標題列可用 Enter 鍵或 Space 鍵切換展開與收合,"When focus is on an accordion header, Enter or Space expands its collapsed panel, or collapses its expanded panel when collapsing is supported. If only one panel may be expanded, expanding a collapsed panel also collapses the previously expanded panel.",焦點位於 Accordion 標頭時，按 Enter 或 Space 會展開已收合面板；若支援收合，則會收合已展開面板。若一次只能展開一個面板，展開新面板時也會收合原先展開的面板。,當鍵盤焦點位於 Accordion 的標題列時，按下 Enter 或空白鍵可展開已收合的面板；若支援收合功能，再按一次可收合已展開的面板。若頁面只允許同時展開一個面板，展開新面板時會自動收合原本展開的面板。,"APG Accordion Pattern；SC 2.1.1 Keyboard；SC 4.1.2 Name, Role, Value",Active,手動,,https://www.w3.org/WAI/ARIA/apg/patterns/accordion/,APG Pattern Rule,鍵盤操作,必,1,,鍵盤操作
APG-ACC-002,Accordion focusable elements follow the page Tab sequence,Accordion 可聚焦元素遵循頁面的 Tab 順序,Accordion 的可聚焦元素依循頁面的 Tab 鍵順序,Tab and Shift+Tab move to the next and previous focusable elements; all focusable elements in the accordion are included in the page Tab sequence.,按 Tab 與 Shift+Tab 分別移至下一個與上一個可聚焦元素；Accordion 內所有可聚焦元素都包含在頁面的 Tab 順序中。,Tab 鍵與 Shift+Tab 鍵可分別移至下一個與上一個可聚焦元素； Accordion 中所有可聚焦元素皆須納入頁面的 Tab 鍵順序。,APG Accordion Pattern；SC 2.1.1 Keyboard；SC 2.4.3 Focus Order,Active,手動,,https://www.w3.org/WAI/ARIA/apg/patterns/accordion/,APG Pattern Rule,焦點管理,必,1,,焦點移動
APG-ACC-003,Accordion header has button semantics,Accordion 標頭具有 button 角色語意,Accordion 標題列具有 button 角色語意,Each accordion header control has role=button or equivalent native button semantics.,每個 Accordion 標頭控制項都具有 role=button 或等效的原生按鈕語意。,每個 Accordion 的標題控制元件須具備 role=button 。,"APG Accordion Pattern；SC 4.1.2 Name, Role, Value；ARIA button",Active,手動,,https://www.w3.org/WAI/ARIA/apg/patterns/accordion/,APG Pattern Rule,元件語意,必,2,,靜態語意／屬性
APG-ACC-004,Accordion heading contains only its header button,Accordion 的標題元素內只包含標頭按鈕,Accordion 的標題標籤內只能包含其標題按鈕,The accordion header button is the only element inside its heading element; any other visually persistent elements are outside the heading element.,Accordion 標頭按鈕是其標題元素內唯一的元素；其他持續顯示的元件位於該標題元素外。,Accordion 的標題按鈕是其 heading 標籤內唯一的元素；其他視覺上持續顯示的元素須置於 heading 標籤外部。,"APG Accordion Pattern；SC 1.3.1 Info and Relationships；SC 4.1.2 Name, Role, Value；ARIA heading；ARIA button",Active,手動,,https://www.w3.org/WAI/ARIA/apg/patterns/accordion/,APG Pattern Rule,頁面結構,必,2,,靜態語意／屬性
APG-ACC-005,Accordion header uses an appropriate heading level,Accordion 標頭使用適當的標題層級,Accordion 標題列使用適當的標題層級,Each accordion header button is wrapped in a heading whose level is appropriate for the information architecture of the page.,每個 Accordion 標頭按鈕外層的標題層級符合頁面的資訊架構。,每個 Accordion 的標題按鈕須包含在 heading 標籤內，且標題層級須符合頁面的資訊架構。,APG Accordion Pattern；SC 1.3.1 Info and Relationships；ARIA heading；ARIA aria-level,Active,手動,,https://www.w3.org/WAI/ARIA/apg/patterns/accordion/,APG Pattern Rule,頁面結構,必,2,,靜態語意／屬性
APG-ACC-006,Accordion aria-expanded reflects panel visibility,Accordion 的 aria-expanded 正確反映面板可見狀態,Accordion 的 aria-expanded 須正確反映內容區塊的展開狀態,Each accordion header button has aria-expanded=true when its associated panel is visible and aria-expanded=false when it is not visible.,每個 Accordion 標頭按鈕的關聯面板可見時，aria-expanded=true；面板不可見時，aria-expanded=false。,每個 Accordion 的標題按鈕在對應內容區塊可見時，aria-expanded 須為 true；內容區塊不可見時則須為 false。,"APG Accordion Pattern；SC 4.1.2 Name, Role, Value；ARIA aria-expanded",Active,手動,,https://www.w3.org/WAI/ARIA/apg/patterns/accordion/,APG Pattern Rule,元件語意,必,2,,狀態變化
APG-ACC-007,Accordion aria-controls identifies its panel,Accordion 的 aria-controls 指向其面板,Accordion 的 aria-controls 須指向對應的內容區塊,Each accordion header button has aria-controls set to the ID of the element containing its accordion panel content.,每個 Accordion 標頭按鈕的 aria-controls 設為包含其 Accordion 面板內容元素的 ID。,每個 Accordion 的標題按鈕須將 aria-controls 設定為包含對應內容區塊的元素 ID。,"APG Accordion Pattern；SC 4.1.2 Name, Role, Value；ARIA aria-controls",Active,手動,,https://www.w3.org/WAI/ARIA/apg/patterns/accordion/,APG Pattern Rule,元件語意,必,3,,靜態語意／屬性
APG-ACC-008,Non-collapsible expanded accordion header is aria-disabled,不可收合的已展開 Accordion 標頭具有 aria-disabled,已展開且不可收合的 Accordion 標題列須標記 aria-disabled,"If a visible accordion panel is not permitted to collapse, its header button has aria-disabled=true.",若顯示的 Accordion 面板不允許收合，其標頭按鈕具有 aria-disabled=true。,若已展開的內容區塊不允許收合，其標題按鈕須設定 aria-disabled=true。,"APG Accordion Pattern；SC 4.1.2 Name, Role, Value；ARIA aria-disabled",Active,手動,,https://www.w3.org/WAI/ARIA/apg/patterns/accordion/,APG Pattern Rule,元件語意,必,2,,靜態語意／屬性
APG-ACC-009,Accordion panel region is labelled by its controlling button,Accordion 面板的 region 角色元素由其控制按鈕提供名稱,Accordion 的內容區域 （region）須以對應的標題按鈕作為無障礙名稱,"If an accordion panel container uses role=region, it has aria-labelledby referring to the button that controls display of that panel.",若 Accordion 面板容器使用 role=region，應以 aria-labelledby 指向控制該面板顯示的按鈕。,若 Accordion 的內容區域使用 role=region，須透過 aria-labelledby 對應至該內容區域的按鈕。,APG Accordion Pattern；ARIA region；ARIA aria-labelledby,Active,手動,,https://www.w3.org/WAI/ARIA/apg/patterns/accordion/,APG Pattern Rule,元件語意,選,2,,靜態語意／屬性
APG-ACC-010,Accordion avoids excessive region landmarks,Accordion 避免過多 region 角色的 Landmark,Accordion 應避免產生過多的區域地標（region landmarks）,"If accordion panels use role=region, their use avoids landmark proliferation, such as when more than approximately six panels can be expanded simultaneously.",若 Accordion 面板使用 role=region，應避免造成 Landmark 過多；例如同時可展開的面板超過約六個時，不宜全部使用 role=region。,若 Accordion 的內容區域使用 role=region，應避免產生過多的地標，例如當頁面中可同時展開的內容區域超過約六個時，就須謹慎使用。,APG Accordion Pattern；ARIA region,Active,手動,,https://www.w3.org/WAI/ARIA/apg/patterns/accordion/,APG Pattern Rule,頁面結構,選,2,,靜態語意／屬性
APG-ALD-001,Alert dialog uses alertdialog role,警示對話框具有 alertdialog 角色語意,警示對話框具有 alertdialog 角色語意,The element containing the alert message and all dialog buttons has role=alertdialog.,包含警示訊息與所有回應按鈕的容器具有 role=alertdialog。,包含警示訊息與所有按鈕的容器，須指定 role=alertdialog 。,"APG Alert and Message Dialogs Pattern；SC 4.1.2 Name, Role, Value；ARIA alertdialog",Active,手動,,https://www.w3.org/WAI/ARIA/apg/patterns/alertdialog/,APG Pattern Rule,元件語意,必,2,,靜態語意／屬性
APG-ALD-002,Alert dialog exposes modal state,警示對話框呈現模態狀態,警示對話框開啟時具有 modal 語意,The alert dialog container has aria-modal=true.,警示對話框容器設定 aria-modal=true。,警示對話框的容器須設定 aria-modal=true。,"APG Alert and Message Dialogs Pattern；SC 4.1.2 Name, Role, Value；ARIA aria-modal",Active,手動,,https://www.w3.org/WAI/ARIA/apg/patterns/alertdialog/,APG Pattern Rule,元件語意,必,2,,靜態語意／屬性
APG-ALD-003,Alert dialog prevents interaction outside,警示對話框阻止操作外部內容,警示對話框開啟時無法操作背景區域,"While the alert dialog is open, application code prevents all users from interacting with content outside it.",警示對話框開啟時，程式會阻止所有使用者操作對話框外的內容。,警示對話框開啟時，程式會阻止所有使用者操作對話框外的內容。,APG Alert and Message Dialogs Pattern；SC 2.1.1 Keyboard；SC 2.4.3 Focus Order,Active,手動,,https://www.w3.org/WAI/ARIA/apg/patterns/alertdialog/,APG Pattern Rule,焦點管理,必,1,,視覺與實際行為
APG-ALD-004,Alert dialog visually obscures background content,警示對話框在視覺上遮蔽背景內容,警示對話框開啟時會遮擋背景內容,"While the alert dialog is open, visual styling obscures the content outside the dialog.",警示對話框開啟時，對話框外的背景內容在視覺上被遮蔽或淡化。,警示對話框開啟時，對話框外的背景內容在視覺上被遮蔽或淡化。,APG Alert and Message Dialogs Pattern；ARIA aria-modal,Active,手動,,https://www.w3.org/WAI/ARIA/apg/patterns/alertdialog/,APG Pattern Rule,焦點管理,必,2,,視覺與實際行為
APG-ALD-005,Alert dialog has accessible name,警示對話框具有無障礙名稱,警示對話框具有無障礙名稱,"The alertdialog has aria-labelledby referring to its visible title, or aria-label when it has no visible label.",role=alertdialog 的元素以 aria-labelledby 關聯可見標題；無可見標題時提供 aria-label。,警示對話框須以 aria-labelledby 關聯可見標題；若無可見標題，則須設定 aria-label,"APG Alert and Message Dialogs Pattern；SC 4.1.2 Name, Role, Value；ARIA aria-labelledby；ARIA aria-label",Active,手動,,https://www.w3.org/WAI/ARIA/apg/patterns/alertdialog/,APG Pattern Rule,元件語意,必,2,,靜態語意／屬性
APG-ALD-006,Alert dialog has an accessible description that is provided by its alert message,警示對話框具有無障礙補充說明，且由警示訊息提供,警示對話框具有警示訊息提供的無障礙補充說明,The alertdialog has aria-describedby referring to the element containing the alert message that provides its accessible description.,role=alertdialog 的元素，使用 aria-describedby 指向包含警示訊息並提供無障礙補充說明的元素。,警示對話框須以 aria-describedby 關聯警示訊息內容，以提供無障礙說明,"APG Alert and Message Dialogs Pattern；SC 4.1.2 Name, Role, Value；ARIA aria-describedby",Active,手動,,https://www.w3.org/WAI/ARIA/apg/patterns/alertdialog/,APG Pattern Rule,元件語意,必,2,,靜態語意／屬性
APG-ALD-007,Opening an alert dialog moves focus inside,開啟警示對話框時焦點移入其中,警示對話框開啟時，焦點移入其中,"When the alert dialog opens, focus moves to an appropriate element inside it, such as the least destructive response for an irreversible action or the control most likely to be used.",警示對話框開啟時，焦點移至其中適當的元素，例如在不可逆操作時移至破壞性最低的回應控制項，或移至最可能使用的控制項。,開啟警示對話框時，焦點需移至內部合適的元素；例如執行不可逆操作時，應優先聚焦於影響最小的控制元件或最常使用的控制元件。,APG Alert and Message Dialogs Pattern；APG Dialog (Modal) Pattern；SC 2.4.3 Focus Order,Active,手動,,https://www.w3.org/WAI/ARIA/apg/patterns/alertdialog/,APG Pattern Rule,焦點管理,必,1,,焦點移動
APG-ALD-008,Alert dialog traps Tab focus inside,警示對話框將 Tab 焦點限制在其中,警示對話框開啟時，Tab 焦點限制在對話框中,Tab and Shift+Tab move among focusable elements inside the alert dialog and wrap at its boundaries.,Tab 與 Shift+Tab 在警示對話框內的可聚焦元素之間移動，並在首尾邊界循環。,Tab 鍵與 Shift+Tab 鍵僅能在對話框內的可聚焦元件間切換，且會在首尾元件間循環,APG Alert and Message Dialogs Pattern；APG Dialog (Modal) Pattern；SC 2.1.1 Keyboard；SC 2.4.3 Focus Order,Active,手動,,https://www.w3.org/WAI/ARIA/apg/patterns/alertdialog/,APG Pattern Rule,焦點管理,必,1,,焦點移動
APG-ALD-009,Escape closes the alert dialog,Escape 可關閉警示對話框,按下 Esc 鍵可關閉警示對話框,Escape closes the alert dialog.,按 Escape 會關閉警示對話框。,按下 Esc 鍵關閉警示對話框,APG Alert and Message Dialogs Pattern；APG Dialog (Modal) Pattern；SC 2.1.1 Keyboard,Active,手動,,https://www.w3.org/WAI/ARIA/apg/patterns/alertdialog/,APG Pattern Rule,鍵盤操作,必,1,,鍵盤操作
APG-ALD-010,Closing an alert dialog restores logical focus,關閉警示對話框後焦點回到合理位置,關閉警示對話框後需恢復到原先的焦點位置,"When the alert dialog closes, focus returns to the invoking element unless it no longer exists or another element provides a more logical workflow.",關閉警示對話框後，焦點回到觸發元件；若觸發元件已不存在或流程另有更合理位置，則移到該元素。,關閉警示對話框後，焦點回到原觸發元素；若該元素已不存在，或有更符合操作流程的位置，則移至該新元素。,APG Alert and Message Dialogs Pattern；APG Dialog (Modal) Pattern；SC 2.4.3 Focus Order,Active,手動,,https://www.w3.org/WAI/ARIA/apg/patterns/alertdialog/,APG Pattern Rule,焦點管理,必,1,,焦點移動
APG-ALD-011,Alert dialog response controls are operable,警示對話框的回應控制項可操作,警示對話框的互動元件可正常操作,The alert dialog provides operable controls for responding to the important message or confirmation request.,警示對話框提供可操作的控制項，讓使用者回應重要訊息或確認要求。,警示對話框提供可操作的控制元件，讓使用者回應重要訊息或確認要求。,"APG Alert and Message Dialogs Pattern；SC 2.1.1 Keyboard；SC 4.1.2 Name, Role, Value",Active,手動,,https://www.w3.org/WAI/ARIA/apg/patterns/alertdialog/,APG Pattern Rule,鍵盤操作,必,1,,靜態語意／屬性
APG-ALD-012,Legacy aria-hidden hides inert background content without hiding the alert dialog,舊式 aria-hidden 隱藏非作用中背景內容但不隱藏警示對話框,使用舊式 aria-hidden 時，應隱藏背景內容並保留警示對話框,"If legacy aria-hidden is used to hide inert background content from assistive technologies, aria-hidden=true is set on each element containing a portion of the inert layer, and the alert dialog element is not a descendant of any element with aria-hidden=true.",若使用舊式 aria-hidden 對輔助科技隱藏非作用中的背景內容，則每個包含部分非作用中背景層的元素皆設定 aria-hidden=true，且警示對話框元素不得位於任何 aria-hidden=true 元素之內。,若使用舊式 aria-hidden 對輔助科技隱藏停用的背景，需將背景區塊皆設定 aria-hidden=true，且警示對話框絕不可位於任何 aria-hidden=true 元素的子階層中。,"APG Alert and Message Dialogs Pattern；SC 4.1.2 Name, Role, Value；ARIA aria-hidden",Active,手動,,https://www.w3.org/WAI/ARIA/apg/patterns/alertdialog/,APG Pattern Rule,元件語意,選,2,,靜態語意／屬性
APG-ALERT-001,Alert has alert role,警示具有 alert 角色語意,警示元件須具有 alert 角色語意,The element containing the alert message has role=alert.,包含警示訊息的元素具有 role=alert。,包含警示訊息的容器具有 role=alert。,APG Alert Pattern；SC 4.1.3 Status Messages；ARIA alert,Active,手動,,https://www.w3.org/WAI/ARIA/apg/patterns/alert/,APG Pattern Rule,狀態訊息,必,2,,靜態語意／屬性
APG-ALERT-002,Alert is announced when dynamically rendered,動態產生的警示可被輔助科技宣告,警示元件動態出現時，螢幕閱讀器需進行報讀,The alert message is dynamically rendered or updated so it can be announced by screen readers after page load.,警示訊息在頁面載入後以動態方式呈現或更新，使螢幕閱讀器能夠宣告該訊息。,警示訊息需於頁面載入後動態顯示或更新，確保螢幕閱讀器能在訊息出現時進行報讀,APG Alert Pattern；SC 4.1.3 Status Messages；ARIA alert,Active,手動,,https://www.w3.org/WAI/ARIA/apg/patterns/alert/,APG Pattern Rule,狀態訊息,必,2,,靜態語意／屬性
APG-ALERT-003,Alert does not move keyboard focus,警示不會搶走鍵盤焦點,警示元件不會改變鍵盤的聚焦位置,Displaying an alert does not affect keyboard focus or interrupt the user task.,顯示警示時，不應影響鍵盤焦點，也不應中斷使用者目前正在進行的操作。,顯示警示元件時，不得移動鍵盤焦點或中斷使用者操作,APG Alert Pattern；SC 3.2.1 On Focus；SC 4.1.3 Status Messages,Active,手動,,https://www.w3.org/WAI/ARIA/apg/patterns/alert/,APG Pattern Rule,狀態訊息,必,1,,焦點移動
APG-ALERT-004,Alert does not disappear automatically before users can perceive it,警示不會在使用者讀取前自動消失,警示元件不會在使用者讀取前自動消失,"Alerts are not designed to disappear automatically. If timed dismissal is nevertheless used, the message remains available long enough for users to perceive and read it.",警示不應設計成自動消失；若仍採限時關閉，訊息必須保留足夠時間，讓使用者能察覺並完整閱讀。,警示元件應設計成不會自動消失；若採限時關閉，訊息必須保留足夠時間，讓使用者能察覺並完整閱讀。,APG Alert Pattern；SC 2.2.3 No Timing；SC 2.2.4 Interruptions,Active,手動,,https://www.w3.org/WAI/ARIA/apg/patterns/alert/,APG Pattern Rule,時間限制,必,1,,視覺與實際行為
APG-ALERT-005,Alerts do not interrupt users excessively,警示不會過度頻繁打斷使用者,警示元件不會過度頻繁打斷使用者,Alerts are not generated so frequently that repeated announcements inhibit usability for people with visual or cognitive disabilities.,警示不會過於頻繁產生，以免重複宣告妨礙視覺或認知障礙使用者操作。,警示元件不會過於頻繁產生，以免重複報讀妨礙視覺或認知障礙使用者操作。,APG Alert Pattern；SC 2.2.4 Interruptions,Active,手動,,https://www.w3.org/WAI/ARIA/apg/patterns/alert/,APG Pattern Rule,時間限制,必,1,,視覺與實際行為
APG-BRD-001,Breadcrumb trail is contained in a navigation landmark,Breadcrumb 導覽位於 navigation 角色的 Landmark 內,Breadcrumb 導覽須位於導覽地標內,The breadcrumb trail is contained within a navigation landmark region.,整組 Breadcrumb 導覽位於 navigation 角色的 Landmark 區域內。,Breadcrumb 置於導覽地標內,APG Breadcrumb Pattern；SC 1.3.1 Info and Relationships；ARIA navigation,Active,手動,,https://www.w3.org/WAI/ARIA/apg/patterns/breadcrumb/,APG Pattern Rule,頁面結構,必,2,,靜態語意／屬性
APG-BRD-002,Breadcrumb navigation landmark has an accessible name,Breadcrumb 的 navigation 角色的 Landmark 具有無障礙名稱,Breadcrumb 導覽地標須具備無障礙名稱,The navigation landmark containing the breadcrumb is labelled with aria-label or aria-labelledby.,Breadcrumb 所在的 navigation 角色的 Landmark 以 aria-label 或 aria-labelledby 提供可辨識的名稱。,Breadcrumb 導覽地標須透過 aria-label 或 aria-labelledby 提供無障礙名稱,"APG Breadcrumb Pattern；SC 2.4.6 Headings and Labels；SC 4.1.2 Name, Role, Value；ARIA aria-label；ARIA aria-labelledby",Active,手動,,https://www.w3.org/WAI/ARIA/apg/patterns/breadcrumb/,APG Pattern Rule,頁面結構,必,2,,靜態語意／屬性
APG-BRD-003,Current breadcrumb link exposes aria-current page,Breadcrumb 的目前頁面連結正確設定 aria-current,Breadcrumb 的目前頁面鏈結須正確設定成 aria-current,"The link representing the current page has aria-current=page. When a non-link element represents the current page, aria-current is omitted or set to page.",代表目前頁面的鏈結具有 aria-current=page；若以非鏈結元素表示目前頁面，aria-current 可省略或設為 page。,"代表目前頁面的連結應設定 aria-current=""page""；若代表目前頁面的元素不是連結，則 aria-current 可省略。","APG Breadcrumb Pattern；SC 2.4.8 Location；SC 4.1.2 Name, Role, Value；ARIA aria-current",Active,手動,,https://www.w3.org/WAI/ARIA/apg/patterns/breadcrumb/,APG Pattern Rule,導覽機制,必,2,,靜態語意／屬性
APG-BTN-001,Button activates with Enter or Space,按鈕可用 Enter 或 Space 啟動,按鈕可用 Enter 鍵或空白鍵啟動,"When a button has focus, Enter or Space activates it.",當焦點位於按鈕時，按 Enter 或 Space 會啟動按鈕。,當焦點位於按鈕時，按 Enter 或空白鍵會啟動按鈕。,APG Button Pattern；SC 2.1.1 Keyboard；ARIA button,Active,手動,,https://www.w3.org/WAI/ARIA/apg/patterns/button/,APG Pattern Rule,鍵盤操作,必,2,,鍵盤操作
APG-BTN-002,Button has button semantics matching its action,按鈕角色語意與實際功能一致,按鈕角色語意與實際功能須一致,"An element that triggers an action has native button semantics or role=button, and its appearance and role match the action it performs rather than presenting an action as a link.",觸發動作的元素具有原生按鈕語意或 role=button，且其外觀與角色符合實際執行的動作，不會把動作呈現成鏈結。,觸發操作的元素須具備原生按鈕語意或 role=button，且其外觀與角色須符合該操作，而非顯示為超連結,"APG Button Pattern；SC 1.3.1 Info and Relationships；SC 4.1.2 Name, Role, Value；ARIA button",Active,手動,,https://www.w3.org/WAI/ARIA/apg/patterns/button/,APG Pattern Rule,元件語意,必,2,,靜態語意／屬性
APG-BTN-003,Button has accessible name,按鈕具有無障礙名稱,按鈕須具有無障礙名稱,"A button has an accessible name from its text content, aria-labelledby, or aria-label.",按鈕的無障礙名稱來自其文字內容、aria-labelledby 或 aria-label。,按鈕的無障礙名稱來自其文字內容、aria-labelledby 或 aria-label。,"APG Button Pattern；SC 2.4.6 Headings and Labels；SC 4.1.2 Name, Role, Value；ARIA aria-labelledby；ARIA aria-label",Active,手動,,https://www.w3.org/WAI/ARIA/apg/patterns/button/,APG Pattern Rule,元件語意,必,2,,靜態語意／屬性
APG-BTN-004,Button activation moves focus appropriately,啟動按鈕後焦點移到合理位置,啟動按鈕後焦點移到合理位置,"After button activation, focus moves according to the resulting action: into an opened dialog, back to a logical element after closing, remains on the button when context is unchanged, or moves to the start of a new context. When a shortcut activates the button, focus usually remains in the context where the shortcut was used.",按鈕啟動後，焦點依結果移到開啟的對話框內、關閉後的合理元素、維持在按鈕上，或移到新操作情境的起點。若以快捷鍵啟動按鈕，焦點通常維持在使用快捷鍵時的原操作情境。,按鈕觸發後，焦點移動需視執行動作而定：跳入開啟的對話框、關閉後回到合理的元素、情境未變時維持在按鈕上，或移至新情境的起點。若以快捷鍵觸發按鈕，焦點通常維持在原本使用快捷鍵的情境中。,APG Button Pattern；SC 2.4.3 Focus Order；SC 3.2.1 On Focus,Active,手動,,https://www.w3.org/WAI/ARIA/apg/patterns/button/,APG Pattern Rule,焦點管理,必,1,,焦點移動
APG-BTN-005,Button has an accessible description,按鈕具有無障礙補充說明,按鈕須具有無障礙補充說明,"If a button has supplementary information about its function, aria-describedby refers to the element containing that information.",若按鈕有關於其功能的補充說明，aria-describedby 指向包含該補充說明的元素。,若按鈕包含其功能的補充說明，須透過 aria-describedby 指向包含該說明的元素,"APG Button Pattern；SC 1.3.1 Info and Relationships；SC 4.1.2 Name, Role, Value；ARIA aria-describedby",Active,手動,,https://www.w3.org/WAI/ARIA/apg/patterns/button/,APG Pattern Rule,元件語意,選,2,,靜態語意／屬性
APG-BTN-006,Unavailable button exposes disabled state,不可用的按鈕正確傳達停用狀態,不可用的按鈕須正確傳達停用狀態,"When the action associated with a button is unavailable, the button exposes its disabled state, including aria-disabled=true when ARIA button semantics are used.",當按鈕動作不可使用時，輔助科技能得知停用狀態；自訂的 role=button 元件應設定 aria-disabled=true。,當按鈕對應的操作無法使用時，按鈕須傳達停用狀態；若採用 ARIA 的 role=button 語意，須設定 aria-disabled=true。,"APG Button Pattern；SC 4.1.2 Name, Role, Value；ARIA aria-disabled",Active,手動,,https://www.w3.org/WAI/ARIA/apg/patterns/button/,APG Pattern Rule,元件語意,必,2,,靜態語意／屬性
APG-BTN-007,Toggle button exposes aria-pressed state and keeps a stable label,切換按鈕正確設定 aria-pressed 並維持相同名稱,Toggle 按鈕須正確設定 aria-pressed 並維持相同名稱,"A toggle button has aria-pressed, with true when toggled on and false when toggled off. When aria-pressed is used, the button label remains unchanged as the pressed state changes; if the label changes to describe the next action, aria-pressed is not used.",切換按鈕具有 aria-pressed；切換為開啟時值為 true，關閉時為 false。使用 aria-pressed 時，按鈕名稱在狀態切換前後保持不變；若名稱改為描述下一個動作，則不使用 aria-pressed。,Toggle 按鈕須設定 aria-pressed，切換為開啟時為 true，關閉時為 false。使用 aria-pressed 時，按鈕名稱不得隨狀態改變；若名稱會改為描述下一個動作，則不得使用 aria-pressed。,"APG Button Pattern；SC 4.1.2 Name, Role, Value；ARIA aria-pressed",Active,手動,,https://www.w3.org/WAI/ARIA/apg/patterns/button/,APG Pattern Rule,元件語意,必,2,,狀態變化
APG-BTN-008,Menu button exposes popup relationship,選單按鈕正確設定 aria-haspopup,選單按鈕須正確設定 aria-haspopup,"If a button opens a menu, it has aria-haspopup set to menu or true and follows the Menu Button Pattern.",若按鈕用來開啟選單，其 aria-haspopup 設為 menu 或 true，且鍵盤操作與展開狀態符合 Menu Button Pattern。,若按鈕用於開啟選單，須將 aria-haspopup 設定為 menu 或 true，並依循 Menu Button Pattern。,"APG Button Pattern；APG Menu Button Pattern；SC 4.1.2 Name, Role, Value；ARIA aria-haspopup",Active,手動,,https://www.w3.org/WAI/ARIA/apg/patterns/button/,APG Pattern Rule,元件語意,選,3,,靜態語意／屬性
APG-CAR-001,Carousel container role matches the page information architecture,輪播容器角色符合頁面資訊架構,輪播容器的角色設定須符合頁面的資訊架構,The carousel container encompassing controls and slides has role=region only when the carousel warrants designation as a landmark; otherwise it has role=group.,包含輪播控制與投影片的容器：只有輪播值得成為 Landmark 時才使用 role=region，否則應使用 role=group。,包含控制元件與投影片的輪播容器，只有在該輪播適合成為地標（landmark）時才使用 role=region，否則須使用 role=group。,APG Carousel Pattern；SC 1.3.1 Info and Relationships；ARIA region；ARIA group,Active,手動,,https://www.w3.org/WAI/ARIA/apg/patterns/carousel/,APG Pattern Rule,頁面結構,必,2,,靜態語意／屬性
APG-CAR-002,Carousel container has carousel roledescription,輪播容器具有 carousel 角色描述,輪播容器須標記 carousel 的角色描述,The carousel container has aria-roledescription=carousel.,輪播容器設定 aria-roledescription=carousel。,輪播容器須設定 aria-roledescription=carousel。,"APG Carousel Pattern；SC 4.1.2 Name, Role, Value；ARIA aria-roledescription",Active,手動,,https://www.w3.org/WAI/ARIA/apg/patterns/carousel/,APG Pattern Rule,元件語意,必,2,,靜態語意／屬性
APG-CAR-003,Carousel container has a meaningful accessible name,輪播容器具有可辨識的無障礙名稱,輪播容器須具有無障礙名稱,"The carousel container has an accessible label from aria-labelledby when a visible label exists, or from aria-label otherwise; the label does not repeat the word carousel.",輪播有可見標題時以 aria-labelledby 提供無障礙名稱，否則使用 aria-label；名稱不重複「輪播」一詞。,輪播有可見標題時，輪播容器須以 aria-labelledby 提供無障礙名稱，否則須使用 aria-label；名稱中不得重複出現「輪播」一詞。,"APG Carousel Pattern；SC 4.1.2 Name, Role, Value；ARIA aria-labelledby；ARIA aria-label",Active,手動,,https://www.w3.org/WAI/ARIA/apg/patterns/carousel/,APG Pattern Rule,元件語意,必,2,,靜態語意／屬性
APG-CAR-004,Previous and next controls have button semantics,前後投影片控制項具有 button 角色語意,上一張與下一張的控制元件須具備 button 角色語意,Previous and next slide controls are native buttons or implement the button pattern.,上一張與下一張控制項為原生 button 元素，或完整實作 button 角色的鍵盤與語意行為。,上一張與下一張投影片的控制元件，須使用原生 button 元素，或完整實作 Button Pattern。,"APG Carousel Pattern；SC 2.1.1 Keyboard；SC 4.1.2 Name, Role, Value；ARIA button",Active,手動,,https://www.w3.org/WAI/ARIA/apg/patterns/carousel/,APG Pattern Rule,元件語意,必,2,,靜態語意／屬性
APG-CAR-005,Rotation control is first Tab stop,輪播控制項是輪播內第一個 Tab 焦點點,播放控制元件為輪播中第一個 Tab 鍵停駐點,"If a rotation control is present, it is the first element in the Tab sequence inside the carousel.",若輪播有停止／開始自動輪播的控制項，它為輪播內第一個可 Tab 到的元素。,若輪播提供播放控制元件，該元件須是輪播內 Tab 鍵順序中的第一個元素。,APG Carousel Pattern；SC 2.4.3 Focus Order,Active,手動,,https://www.w3.org/WAI/ARIA/apg/patterns/carousel/,APG Pattern Rule,焦點管理,必,1,,焦點移動
APG-CAR-006,Rotation control label communicates next action,輪播控制項名稱反映下一個動作,播放控制元件的標籤須說明點擊後的下一步動作,"The rotation control label changes to match its next action, such as Stop slide rotation or Start slide rotation, and it does not use aria-pressed.",自動輪播控制項的名稱會改成其下一個動作，例如「停止投影片輪播」或「開始投影片輪播」，且不使用 aria-pressed。,播放控制元件的名稱須隨下一個動作改變，例如「停止輪播」或「開始輪播」，且不得使用 aria-pressed。,"APG Carousel Pattern；SC 4.1.2 Name, Role, Value；ARIA aria-label",Active,手動,,https://www.w3.org/WAI/ARIA/apg/patterns/carousel/,APG Pattern Rule,元件語意,必,2,,狀態變化
APG-CAR-007,Automatic rotation stops on keyboard focus,鍵盤焦點進入輪播時自動輪播停止,鍵盤聚焦時自動播放應暫停,"If the carousel rotates automatically, it stops when any element in the carousel receives keyboard focus and does not resume until requested by the user.",輪播自動播放時，輪播內任一元素取得鍵盤焦點便停止播放，且在使用者要求前不會自行恢復。,若輪播會自動播放，輪播內任一元素取得鍵盤焦點時，須停止播放，且在使用者主動要求前不得自行恢復。,"APG Carousel Pattern；SC 2.2.2 Pause, Stop, Hide；SC 2.1.1 Keyboard",Active,手動,,https://www.w3.org/WAI/ARIA/apg/patterns/carousel/,APG Pattern Rule,動態內容,必,1,,視覺與實際行為
APG-CAR-008,Automatic rotation stops on mouse hover,滑鼠停留於輪播時自動輪播停止,滑鼠懸停時自動播放應暫停,"If the carousel rotates automatically, it stops whenever the mouse is hovering over the carousel.",輪播自動播放時，只要滑鼠懸浮在輪播上方，輪播便停止播放。,若輪播會自動播放，只要滑鼠停留在輪播範圍內，就須停止播放。,"APG Carousel Pattern；SC 2.2.2 Pause, Stop, Hide",Active,手動,,https://www.w3.org/WAI/ARIA/apg/patterns/carousel/,APG Pattern Rule,動態內容,必,1,,視覺與實際行為
APG-CAR-009,Carousel interactive elements follow page Tab order,輪播內互動元件遵循頁面 Tab 順序,輪播中的互動元素須依循頁面的 Tab 鍵順序,Tab and Shift+Tab move through carousel interactive elements according to the page tab sequence without custom Tab scripting.,Tab 與 Shift+Tab 依頁面的 Tab 順序在輪播的互動元素間移動，不使用自訂 Tab 指令碼。,Tab 鍵與 Shift+Tab 鍵須依頁面既有的 Tab 鍵順序在輪播的互動元素間移動，不得另外撰寫程式改寫 Tab 鍵行為。,APG Carousel Pattern；SC 2.1.1 Keyboard；SC 2.4.3 Focus Order,Active,手動,,https://www.w3.org/WAI/ARIA/apg/patterns/carousel/,APG Pattern Rule,焦點管理,必,1,,焦點移動
APG-CAR-010,Carousel controls do not move focus when activated,啟用輪播控制項不會移動焦點,操作輪播控制元件時不應改變鍵盤的聚焦位置,"Activating rotation, next-slide, or previous-slide controls does not move keyboard focus.",啟用停止／開始、上一張或下一張控制項後，焦點仍停留在剛啟用的控制項上。,觸發播放、上一張或下一張控制元件後，鍵盤焦點須留在原控制元件上，不得移動。,APG Carousel Pattern；SC 3.2.1 On Focus；SC 2.4.3 Focus Order,Active,手動,,https://www.w3.org/WAI/ARIA/apg/patterns/carousel/,APG Pattern Rule,焦點管理,必,1,,焦點移動
APG-CAR-011,Basic and grouped carousel slides have group role and slide roledescription,基本型與群組型輪播投影片使用 group 角色及 slide 角色描述,基本輪播與群組式輪播的每張投影片須具備 group 角色與 slide 角色描述,"In a basic or grouped carousel, each slide container has role=group and aria-roledescription=slide. A tabbed carousel instead follows the tabpanel structure tested separately.",在基本型或群組型輪播中，每個投影片容器具有 role=group 及 aria-roledescription=slide；Tab 型輪播則採用另行檢測的 Tabpanel 結構。,基本輪播與群組式輪播中，每個投影片容器須設定 role=group 與 aria-roledescription=slide；Tab 型輪播則改用 tabpanel 結構，另行檢測。,"APG Carousel Pattern；SC 4.1.2 Name, Role, Value；ARIA group；ARIA aria-roledescription",Active,手動,,https://www.w3.org/WAI/ARIA/apg/patterns/carousel/,APG Pattern Rule,元件語意,必,2,,靜態語意／屬性
APG-CAR-012,Basic and grouped carousel slides have meaningful accessible names,基本型與群組型輪播投影片具有可辨識的無障礙名稱,基本輪播與群組式輪播的每張投影片須具備有意義的無障礙名稱,"In a basic or grouped carousel, each slide has an accessible name from aria-labelledby or aria-label that identifies its content. If unique slide names are unavailable, a position and set-size label such as 3 of 10 is a meaningful alternative. The name does not repeat the word slide.",基本型或群組型輪播的每張投影片，以 aria-labelledby 或 aria-label 提供可辨識內容的無障礙名稱；若沒有適合的獨特名稱，可使用「第 3 張，共 10 張」等位置與總數。名稱不重複加入「投影片」。,基本輪播與群組式輪播中，每張投影片須以 aria-labelledby 或 aria-label 提供能辨識其內容的無障礙名稱；若無法給出各自獨特的名稱，可改用位置與總數，例如「第 3 張，共 10 張」。名稱中不得重複出現「投影片」一詞。,"APG Carousel Pattern；SC 4.1.2 Name, Role, Value；ARIA aria-labelledby；ARIA aria-label",Active,手動,,https://www.w3.org/WAI/ARIA/apg/patterns/carousel/,APG Pattern Rule,元件語意,必,2,,靜態語意／屬性
APG-CAR-013,Carousel live region state matches rotation mode,輪播的 aria-live 設定與自動輪播狀態一致,輪播的 aria-live 設定須與播放狀態相符,"If a slide wrapper uses aria-live, it has aria-atomic=false and aria-live=off while rotating automatically or polite while not rotating automatically.",若投影片外層使用 aria-live，aria-atomic=false；自動輪播時 aria-live=off，未自動輪播時為 polite。,若投影片外層容器使用 aria-live，須同時設定 aria-atomic=false；自動播放進行中時 aria-live 須為 off，未自動播放時則為 polite。,APG Carousel Pattern；SC 4.1.3 Status Messages；ARIA aria-live；ARIA aria-atomic,Active,手動,,https://www.w3.org/WAI/ARIA/apg/patterns/carousel/,APG Pattern Rule,狀態訊息,選,2,,狀態變化
APG-CAR-014,Tabbed carousel slides use tabpanel semantics,Tab 型輪播投影片使用 tabpanel 角色語意,Tab 型輪播投影片使用 tabpanel 角色語意,"If a tabbed slide picker is used, each slide container has role=tabpanel instead of group and does not have aria-roledescription.",若採用 Tab 型投影片選擇器，每張投影片須使用 role=tabpanel，不使用 role=group，且不設定 aria-roledescription。,若採用 Tab 型投影片選取器，每個投影片容器須設定 role=tabpanel 而非 role=group，且不得設定 aria-roledescription。,"APG Carousel Pattern；SC 4.1.2 Name, Role, Value；ARIA tabpanel；ARIA aria-roledescription",Active,手動,,https://www.w3.org/WAI/ARIA/apg/patterns/carousel/,APG Pattern Rule,元件語意,選,2,,靜態語意／屬性
APG-CAR-015,Tabbed carousel picker tabs identify their slides,Tab 型輪播選擇器的 Tab 能識別投影片,Tab 型輪播選擇器的 Tab 須對應標示各投影片,"If a tabbed slide picker is used, each tab has an accessible name that identifies the slide it displays by name or number.",若採用 Tab 型投影片選擇器，每個 Tab 的無障礙名稱須能以名稱或編號識別其將顯示的投影片。,若採用 Tab 型投影片選取器，每個 Tab 的無障礙名稱須以名稱或編號指出其所顯示的投影片。,"APG Carousel Pattern；APG Tabs Pattern；SC 4.1.2 Name, Role, Value；ARIA tab",Active,手動,,https://www.w3.org/WAI/ARIA/apg/patterns/carousel/,APG Pattern Rule,元件語意,選,2,,靜態語意／屬性
APG-CAR-016,Tabbed carousel picker tablist has a purpose label,Tab 型輪播選擇器的 tablist 具有用途名稱,Tab 型輪播選擇器的 tablist 須具備說明其用途的標籤,"If a tabbed slide picker is used, its tablist has an aria-label that identifies the purpose of the tabs.",若採用 Tab 型投影片選擇器，其 tablist 具有能識別這些 Tab 用途的 aria-label。,若採用 Tab 型投影片選取器，其 tablist 須以 aria-label 說明這組 Tab 的用途。,"APG Carousel Pattern；APG Tabs Pattern；SC 4.1.2 Name, Role, Value；ARIA tablist；ARIA aria-label",Active,手動,,https://www.w3.org/WAI/ARIA/apg/patterns/carousel/,APG Pattern Rule,元件語意,選,2,,靜態語意／屬性
APG-CAR-017,Tabbed carousel picker implements the Tabs Pattern,Tab 型輪播選擇器完整實作 Tabs Pattern,Tab 型輪播選擇器完整實作 Tabs Pattern,"If a tabbed slide picker is used, its tablist, tabs, and tabpanels implement the roles, relationships, states, and keyboard interaction defined by the Tabs Pattern.",若採用 Tab 型投影片選擇器，其 role=tablist、role=tab 與 role=tabpanel，以及角色間的關聯、狀態與鍵盤操作，須完整符合 Tabs Pattern。,若採用 Tab 型投影片選取器，其 tablist、tab 與 tabpanel 的角色、關聯、狀態與鍵盤操作，須完全依循 Tabs Pattern 的定義。,"APG Carousel Pattern；APG Tabs Pattern；SC 1.3.1 Info and Relationships；SC 2.1.1 Keyboard；SC 4.1.2 Name, Role, Value",Active,手動,,https://www.w3.org/WAI/ARIA/apg/patterns/carousel/,APG Pattern Rule,鍵盤操作,選,1,,鍵盤操作
APG-CAR-018,Grouped carousel picker has an accessible name that identifies its purpose,群組型輪播選擇器具有可辨識用途的無障礙名稱,群組式輪播選取器的容器須具備無障礙名稱,"If grouped button slide picker controls are used, they are contained in an element with role=group whose accessible label identifies the purpose of the controls.",若採用群組型按鈕投影片選擇器，所有選擇按鈕須位於 role=group 的容器內，且群組具有能說明選擇投影片用途的無障礙名稱。,若採用群組式按鈕作為投影片選取器，這些按鈕須置於 role=group 的容器內，且該容器的無障礙名稱須說明這組控制元件的用途。,"APG Carousel Pattern；SC 1.3.1 Info and Relationships；SC 4.1.2 Name, Role, Value；ARIA group；ARIA aria-label",Active,手動,,https://www.w3.org/WAI/ARIA/apg/patterns/carousel/,APG Pattern Rule,元件語意,選,2,,靜態語意／屬性
APG-CAR-019,Grouped carousel picker controls implement buttons,群組型輪播選擇器控制項符合 Button Pattern,群組式輪播選取器的控制元件須以 Button 實作,"If grouped button slide picker controls are used, each picker control is a native button or implements the Button Pattern.",若採用群組型按鈕投影片選擇器，每個選擇控制項須使用原生 button 元素，或完整實作 Button Pattern。,若採用群組式按鈕作為投影片選取器，每個選取控制元件須使用原生 button 元素，或完整實作 Button Pattern。,"APG Carousel Pattern；APG Button Pattern；SC 2.1.1 Keyboard；SC 4.1.2 Name, Role, Value；ARIA button",Active,手動,,https://www.w3.org/WAI/ARIA/apg/patterns/carousel/,APG Pattern Rule,元件語意,選,2,,靜態語意／屬性
APG-CAR-020,Grouped carousel picker buttons have accessible names that match their slides,群組型輪播選擇按鈕的無障礙名稱符合對應投影片,群組式輪播選取器的按鈕須具備與對應投影片相符的無障礙名稱,"If grouped button slide picker controls are used, each picker button has an accessible name that matches the slide it displays.",若採用群組型按鈕投影片選擇器，每個選擇按鈕的無障礙名稱須能識別其顯示的投影片。,若採用群組式按鈕作為投影片選取器，每個選取按鈕的無障礙名稱須與其所顯示的投影片相符。,"APG Carousel Pattern；SC 4.1.2 Name, Role, Value；ARIA aria-labelledby；ARIA aria-label",Active,手動,,https://www.w3.org/WAI/ARIA/apg/patterns/carousel/,APG Pattern Rule,元件語意,選,2,,靜態語意／屬性
APG-CAR-021,Current grouped slide picker is aria-disabled,目前顯示投影片的群組型選擇器具有 aria-disabled,群組式輪播目前顯示投影片的選取器的按鈕須標記 aria-disabled,"In a grouped carousel, the picker button for the currently displayed slide has aria-disabled=true and remains in the page Tab sequence.",群組型輪播中，目前顯示投影片所對應的選擇按鈕具有 aria-disabled=true，且仍保留在頁面的 Tab 順序中。,群組式輪播中，對應目前顯示投影片的選取按鈕須設定 aria-disabled=true，且仍須保留在頁面的 Tab 鍵順序中。,"APG Carousel Pattern；SC 4.1.2 Name, Role, Value；ARIA aria-disabled",Active,手動,,https://www.w3.org/WAI/ARIA/apg/patterns/carousel/,APG Pattern Rule,元件語意,選,2,,焦點移動
APG-CAR-022,Auto-rotating carousel has rotation control,自動輪播提供停止與重新開始控制項,自動輪播須提供播放控制元件,"If the carousel can rotate automatically, it has a button that stops and restarts automatic rotation.",若輪播會自動播放，提供可停止及重新開始自動輪播的按鈕。,若輪播具備自動播放功能，須提供可停止與重新開始自動播放的按鈕。,"APG Carousel Pattern；SC 2.2.2 Pause, Stop, Hide；SC 2.1.1 Keyboard",Active,手動,,https://www.w3.org/WAI/ARIA/apg/patterns/carousel/,APG Pattern Rule,動態內容,必,1,,靜態語意／屬性
APG-CAR-023,Hidden carousel slides are not exposed to assistive technology,隱藏的輪播投影片不會呈現給輔助科技,隱藏中的輪播投影片不應被輔助科技讀取,Slides that are not visually displayed are hidden from assistive technology rather than merely positioned off-screen.,未在視覺上顯示的投影片會對輔助科技隱藏，而不只是移到畫面外。,未在畫面上顯示的投影片，須確實對輔助科技隱藏，不得只是移到畫面外。,"APG Carousel Pattern；SC 1.3.2 Meaningful Sequence；SC 4.1.2 Name, Role, Value",Active,手動,,https://www.w3.org/WAI/ARIA/apg/patterns/carousel/,APG Pattern Rule,閱讀順序,必,1,,視覺與實際行為
APG-CAR-024,Hidden carousel slides are excluded from keyboard focus,隱藏的輪播投影片不會進入鍵盤焦點順序,隱藏中的輪播投影片不能被鍵盤聚焦,Focusable elements in slides that are not visually displayed are excluded from the page keyboard focus sequence.,未在視覺上顯示的投影片，其內部的可聚焦元素會排除在頁面的鍵盤焦點順序之外。,未在畫面上顯示的投影片，其內部的可聚焦元素須排除於頁面的鍵盤焦點順序之外。,APG Carousel Pattern；SC 2.1.1 Keyboard；SC 2.4.3 Focus Order,Active,手動,,https://www.w3.org/WAI/ARIA/apg/patterns/carousel/,APG Pattern Rule,焦點管理,必,1,,焦點移動
APG-CBX-001,Combobox is the only popup component in the page Tab sequence,Combobox 是彈出內容在頁面 Tab 順序中的唯一進入點,Combobox 是彈出內容在頁面 Tab 順序中的唯一進入點,"The combobox is in the page Tab sequence while its popup indicator, popup, and popup descendants are excluded from that sequence.",以 Tab 導覽頁面時，可進入 Combobox，但彈出按鈕圖示、彈出內容與其子元素不會另外成為頁面 Tab 停駐點。,以 Tab 導覽頁面時，可進入 Combobox，但彈出內容不會另外成為頁面 Tab 停駐點。,APG Combobox Pattern；SC 2.1.1 Keyboard；SC 2.4.3 Focus Order,Active,手動,,https://www.w3.org/WAI/ARIA/apg/patterns/combobox/,APG Pattern Rule,焦點管理,必,1,,焦點移動
APG-CBX-002,Down Arrow moves to the first or next item in an available popup,Combobox 可用向下鍵移至彈出內容的第一個或下一個項目,Combobox 可用向下鍵移至彈出內容的第一個或下一個項目,"When a popup is available, Down Arrow moves focus to the appropriate first focusable suggestion or the item after an automatically selected suggestion.",若有彈出內容，聚焦 Combobox 後按向下鍵，焦點會移至適當的第一個可聚焦建議；若已有自動選取的建議，則移至該建議後的下一個項目。,若有彈出內容，聚焦 Combobox 後按向下鍵，焦點會移至適當的第一個可聚焦建議；若已有自動選取的建議，則移至該建議後的下一個項目。,APG Combobox Pattern；SC 2.1.1 Keyboard；SC 2.4.3 Focus Order,Active,手動,,https://www.w3.org/WAI/ARIA/apg/patterns/combobox/,APG Pattern Rule,鍵盤操作,必,1,,焦點移動
APG-CBX-003,Up Arrow moves to the last item in an available popup,Combobox 可用向上鍵移至彈出內容的最後一個項目,Combobox 可用向上鍵移至彈出內容的前一個項目,"When a popup is available, pressing Up Arrow while the combobox is focused moves focus to the last focusable item in the popup.",有彈出內容時，聚焦 Combobox 後按向上鍵，焦點會移至彈出內容最後一個可聚焦項目。,有彈出內容時，聚焦 Combobox 後按向上鍵，焦點會移至彈出內容最後一個可聚焦項目。,APG Combobox Pattern；SC 2.1.1 Keyboard；SC 2.4.3 Focus Order,Active,手動,,https://www.w3.org/WAI/ARIA/apg/patterns/combobox/,APG Pattern Rule,鍵盤操作,選,1,,焦點移動
APG-CBX-004,Alt Arrow keys open and close the combobox popup,Combobox 支援 Alt+方向鍵開關彈出內容,Combobox 支援 Alt+方向鍵開關彈出內容,"Alt+Down Arrow opens the popup without moving focus; when needed, Alt+Up Arrow closes the popup and returns focus to the combobox.",Alt+向下鍵會開啟彈出內容且不移動焦點；需要時，Alt+向上鍵會關閉彈出內容並將焦點移回 Combobox。,Alt+向下鍵會開啟彈出內容且不移動焦點；需要時，Alt+向上鍵會關閉彈出內容並將焦點移回 Combobox。,APG Combobox Pattern；SC 2.1.1 Keyboard；SC 2.4.3 Focus Order,Active,手動,,https://www.w3.org/WAI/ARIA/apg/patterns/combobox/,APG Pattern Rule,鍵盤操作,選,1,,焦點移動
APG-CBX-005,"Enter accepts a selected suggestion in a Listbox, Grid, or Tree popup",Listbox、Grid 或 Tree 型彈出內容按 Enter 接受已選取的建議,Listbox、Grid 或 Tree 型彈出內容按 Enter 接受已選取的建議,"In a Listbox or Grid popup, Enter accepts the focused or selected suggestion, closes the popup, and places the accepted value in the combobox. In a Tree popup, Enter accepts a selectable suggestion.",在 Listbox 或 Grid 型彈出內容中，按 Enter 會接受目前焦點所在或已選取的建議、關閉彈出內容，並將接受的值放入 Combobox。在 Tree 型彈出內容中，按 Enter 會接受可選取的建議。,在 Listbox 或 Grid 型彈出內容中，按 Enter 會接受目前焦點所在或已選取的建議、關閉彈出內容，並將接受的值放入 Combobox。在 Tree 型彈出內容中，按 Enter 會接受可選取的建議。,"APG Combobox Pattern；SC 2.1.1 Keyboard；SC 4.1.2 Name, Role, Value",Active,手動,,https://www.w3.org/WAI/ARIA/apg/patterns/combobox/,APG Pattern Rule,鍵盤操作,必,1,,鍵盤操作
APG-CBX-006,Editable combobox preserves standard text editing,可編輯 Combobox 保留標準文字編輯操作,可編輯的 Combobox 保留平台標準的文字編輯操作,Printable characters and standard single-line editing keys edit the combobox value without scripts interfering with platform text-editing behavior.,可列印字元及標準單行文字編輯按鍵可編輯 Combobox 的值，且指令碼不會干擾平台原有的文字編輯行為。,在可編輯的 Combobox 中，可列印字元與平台標準的單行文字編輯按鍵（輸入、游標移動、選取、文字修改）皆可正常編輯其值。JavaScript 不得攔截這些按鍵事件而干擾瀏覽器原生的文字編輯行為。,APG Combobox Pattern；SC 2.1.1 Keyboard；SC 3.2.2 On Input,Active,手動,,https://www.w3.org/WAI/ARIA/apg/patterns/combobox/,APG Pattern Rule,鍵盤操作,必,1,,鍵盤操作
APG-CBX-007,Editable combobox popup accepts printable character input,可編輯 Combobox 的彈出內容接受可列印字元輸入,可編輯 Combobox 的彈出內容開開啟時可同時接收輸入字元,"In an editable combobox with a Listbox, Grid, or Tree popup, typing a printable character returns focus to the combobox without closing the popup and enters the character.",可編輯 Combobox 在 Listbox、Grid 或 Tree 型彈出內容中輸入可列印字元時，焦點會回到 Combobox，彈出內容維持開啟，且字元會輸入至編輯區。,可編輯的 Combobox 在焦點位於 Listbox、Grid 或 Tree 型彈出內容時，輸入任一可列印字元，焦點會移回 Combobox 輸入框，彈出內容維持開啟不關閉，且該字元會輸入至輸入框中。,APG Combobox Pattern；SC 2.1.1 Keyboard；SC 2.4.3 Focus Order,Active,手動,,https://www.w3.org/WAI/ARIA/apg/patterns/combobox/,APG Pattern Rule,鍵盤操作,必,1,,焦點移動
APG-CBX-008,Non-editable Listbox or Tree popup supports type-ahead navigation,不可編輯 Combobox 的 Listbox 或 Tree 彈出內容支援字首導覽,不可編輯 Combobox 的 Listbox 或 Tree 彈出內容支援首字元快速定位,"In a non-editable combobox with a Listbox or Tree popup, typing printable characters moves focus to the next suggestion whose name starts with the typed characters.",不可編輯 Combobox 在 Listbox 或 Tree 型彈出內容中輸入可列印字元時，焦點會移至名稱以輸入字元開頭的下一個建議。,不可編輯的 Combobox 在焦點位於 Listbox 或 Tree 型彈出內容時，輸入可列印字元，焦點會移至名稱以該字元開頭的下一個建議值。Grid 型彈出內容不適用此行為。,APG Combobox Pattern；SC 2.1.1 Keyboard；SC 2.4.3 Focus Order,Active,手動,,https://www.w3.org/WAI/ARIA/apg/patterns/combobox/,APG Pattern Rule,鍵盤操作,必,1,,鍵盤操作
APG-CBX-009,Escape dismisses the combobox popup,Combobox 可用 Escape 關閉彈出內容,Combobox 可用 Escape 鍵關閉彈出內容,"Escape dismisses a visible popup without unexpectedly changing the combobox value. When the popup of an editable combobox is hidden, Escape either leaves the value unchanged or clears it according to the documented design.",可見的彈出內容在按下 Escape 後關閉，且 Combobox 的值不會意外改變；可編輯 Combobox 的彈出內容隱藏時，按下 Escape 會依文件所述設計保留或清除其值。,彈出內容可見時，按下 Escape 鍵會關閉彈出內容，且不會意外改變 Combobox 的值。彈出內容已隱藏時再按 Escape 鍵，須依該元件設計文件的定義，一律保留或一律清除 Combobox 的值。,APG Combobox Pattern；SC 2.1.1 Keyboard；SC 3.2.2 On Input,Active,手動,,https://www.w3.org/WAI/ARIA/apg/patterns/combobox/,APG Pattern Rule,鍵盤操作,必,1,,鍵盤操作
APG-CBX-010,"Escape closes a Listbox, Grid, or Tree popup and returns focus",Escape 關閉 Listbox、Grid 或 Tree 型彈出內容並將焦點移回 Combobox,Escape 鍵關閉 Listbox、Grid 或 Tree 型彈出內容並將焦點移回 Combobox,"In a Listbox, Grid, or Tree popup, Escape closes the popup and returns focus to the combobox.",在 Listbox、Grid 或 Tree 型彈出內容中，按 Escape 會關閉彈出內容並將焦點移回 Combobox。,焦點位於 Listbox、Grid 或 Tree 型彈出內容時，按下 Escape 鍵會關閉彈出內容，並將焦點移回 Combobox。,APG Combobox Pattern；SC 2.1.1 Keyboard；SC 2.4.3 Focus Order,Active,手動,,https://www.w3.org/WAI/ARIA/apg/patterns/combobox/,APG Pattern Rule,焦點管理,必,1,,焦點移動
APG-CBX-011,Listbox popup Arrow keys navigate and select suggestions,Listbox 型彈出內容以方向鍵導覽並選取建議,Listbox 型彈出內容以上下鍵移動焦點並同步選取,"In a listbox popup, Down Arrow moves focus to and selects the next option, and Up Arrow moves focus to and selects the previous option, with the documented boundary behavior.",在 Listbox 型彈出內容中，向下鍵將焦點移至並選取下一個選項，向上鍵將焦點移至並選取上一個選項，且首末邊界依文件行為處理。,焦點位於 Listbox 型彈出內容時，按向下鍵會將焦點移至下一個選項並同時選取該選項，按向上鍵會將焦點移至上一個選項並同時選取。焦點已位於最後一個（或第一個）選項時再按該方向鍵，須為「將焦點移回 Combobox」或「不做任何動作」兩者之一，且行為前後一致。,APG Combobox Pattern；SC 2.1.1 Keyboard；SC 2.4.3 Focus Order,Active,手動,,https://www.w3.org/WAI/ARIA/apg/patterns/combobox/,APG Pattern Rule,鍵盤操作,必,1,,焦點移動
APG-CBX-012,Listbox popup Left and Right Arrow keys return to the combobox,Listbox 型彈出內容的左右鍵將焦點移回 Combobox,Listbox 型彈出內容的左右鍵將焦點移回 Combobox 並移動文字游標,"In an editable combobox with a Listbox popup, Left or Right Arrow returns focus to the combobox without closing the popup and performs the corresponding text editing action.",可編輯 Combobox 的焦點位於 Listbox 型彈出內容時，按向左鍵或向右鍵，焦點會回到 Combobox，彈出內容不會關閉，並執行對應的文字編輯動作。,可編輯的 Combobox 在焦點位於 Listbox 型彈出內容時，按向左鍵或向右鍵，焦點會移回 Combobox 且彈出內容不關閉，同時文字游標往左或往右移動一個字元；游標已位於最左端或最右端時則不再移動。,APG Combobox Pattern；SC 2.1.1 Keyboard；SC 2.4.3 Focus Order,Active,手動,,https://www.w3.org/WAI/ARIA/apg/patterns/combobox/,APG Pattern Rule,鍵盤操作,必,1,,焦點移動
APG-CBX-013,Listbox popup Home and End behavior is correct,Listbox 型彈出內容的 Home 與 End 行為正確,Listbox 型彈出內容的 Home 與 End 鍵移至首末選項或移動文字游標,"Home and End move to the first or last option as implemented, or return to the editable combobox and move the text cursor.",Home 與 End 依實作移至第一個或最後一個選項，或回到可編輯 Combobox 並移動文字游標。,焦點位於 Listbox 型彈出內容時，按 Home 鍵會將焦點移至並選取第一個選項，按 End 鍵會將焦點移至最後一個選項；若 Combobox 可編輯，亦可改為將焦點移回 Combobox，並把文字游標置於第一個字元前或最後一個字元後。實作須擇一並保持一致。,APG Combobox Pattern；SC 2.1.1 Keyboard；SC 2.4.3 Focus Order,Active,手動,,https://www.w3.org/WAI/ARIA/apg/patterns/combobox/,APG Pattern Rule,鍵盤操作,選,1,,鍵盤操作
APG-CBX-014,Listbox popup deletion keys edit the combobox,Listbox 型彈出內容的刪除鍵可編輯 Combobox,Listbox 型彈出內容的 Backspace 與 Delete 鍵可編輯 Combobox,"In an editable combobox with a listbox popup, pressing Backspace or Delete returns focus to the combobox and updates the text and selection as documented.",在具有 Listbox 型彈出內容的可編輯 Combobox 中，按 Backspace 或 Delete 會將焦點移回 Combobox，並依文件所述更新文字與選取狀態。,可編輯的 Combobox 在焦點位於 Listbox 型彈出內容時，按 Backspace 鍵會將焦點移回 Combobox 並刪除游標前一個字元；按 Delete 鍵會將焦點移回 Combobox，若已有建議值被選取則移除其選取狀態，並移除行內自動完成字串（若存在）。,APG Combobox Pattern；SC 2.1.1 Keyboard；SC 2.4.3 Focus Order,Active,手動,,https://www.w3.org/WAI/ARIA/apg/patterns/combobox/,APG Pattern Rule,鍵盤操作,選,1,,焦點移動
APG-CBX-015,Grid popup Arrow keys navigate cells,Grid 型彈出內容以方向鍵逐格導覽,Grid 型彈出內容以方向鍵逐格移動焦點,"In a grid popup, Arrow keys move focus among cells according to the grid layout and documented boundary behavior.",在 Grid 型彈出內容中使用方向鍵，焦點依表格版面逐格移動，並正確處理列、欄及邊界。,焦點位於 Grid 型彈出內容時，向左鍵與向右鍵逐格水平移動，向上鍵與向下鍵逐格垂直移動；可選擇性支援在列首或列尾換至上一列或下一列。,APG Combobox Pattern；SC 2.1.1 Keyboard；SC 2.4.3 Focus Order,Active,手動,,https://www.w3.org/WAI/ARIA/apg/patterns/combobox/,APG Pattern Rule,鍵盤操作,必,1,,焦點移動
APG-CBX-016,Grid popup selection follows its suggestion model,Grid 型彈出內容依建議模式同步選取,Grid 型彈出內容依建議值的呈現方式決定選取範圍,"In a grid popup, selection follows focus according to whether each suggestion is represented by a cell or by an entire row.",在 Grid 型彈出內容中，選取會跟隨焦點，並依每項建議是由單一儲存格或整列表示而定。,在 Grid 型彈出內容中，選取狀態跟隨焦點移動。若每個儲存格各代表一個不同的建議值，焦點所在的儲存格即為選取狀態；若同一列的所有儲存格描述的是同一個建議值，則該列、或該列中代表建議值的儲存格為選取狀態。,"APG Combobox Pattern；SC 4.1.2 Name, Role, Value；ARIA aria-selected",Active,手動,,https://www.w3.org/WAI/ARIA/apg/patterns/combobox/,APG Pattern Rule,元件語意,必,2,,靜態語意／屬性
APG-CBX-017,Grid popup extended navigation keys behave correctly,Grid 型彈出內容的延伸導覽鍵運作正確,Grid 型彈出內容的 Page、Home、End 與 Control 組合鍵運作正確,"Page Up, Page Down, Home, End, Control+Home, and Control+End move focus according to the grid layout and boundary rules.",Page Up、Page Down、Home、End、Control+Home 與 Control+End 依 Grid 版面及邊界規則移動焦點。,焦點位於 Grid 型彈出內容時：Page Up 與 Page Down 鍵依作者設定的列數上下移動焦點，焦點已在首列或末列時不再移動；Home 與 End 鍵將焦點移至焦點所在列的第一個或最後一個儲存格；Control+Home 與 Control+End 鍵分別將焦點移至第一列與最後一列。,APG Combobox Pattern；SC 2.1.1 Keyboard；SC 2.4.3 Focus Order,Active,手動,,https://www.w3.org/WAI/ARIA/apg/patterns/combobox/,APG Pattern Rule,鍵盤操作,選,1,,焦點移動
APG-CBX-018,Grid popup deletion keys edit the combobox,Grid 型彈出內容的刪除鍵可編輯 Combobox,Grid 型彈出內容的 Backspace 與 Delete 鍵可編輯 Combobox,"In an editable combobox with a grid popup, pressing Backspace or Delete returns focus to the combobox and updates the text and selection as documented.",在具有 Grid 型彈出內容的可編輯 Combobox 中，按 Backspace 或 Delete 會將焦點移回 Combobox，並依文件所述更新文字與選取狀態。,可編輯的 Combobox 在焦點位於 Grid 型彈出內容時，按 Backspace 鍵會將焦點移回 Combobox 並刪除游標前一個字元；按 Delete 鍵會將焦點移回 Combobox，若已有建議值被選取則移除其選取狀態，並移除行內自動完成字串（若存在）。,APG Combobox Pattern；SC 2.1.1 Keyboard；SC 2.4.3 Focus Order,Active,手動,,https://www.w3.org/WAI/ARIA/apg/patterns/combobox/,APG Pattern Rule,鍵盤操作,選,1,,焦點移動
APG-CBX-019,Vertical Tree popup Arrow keys navigate and expand nodes,垂直 Tree 型彈出內容以方向鍵導覽與展開節點,垂直排列的 Tree 型彈出內容以方向鍵導覽並展開收合節點,"In a vertically oriented tree popup, Right and Left Arrow expand, collapse, or move between parent and child nodes, while Down and Up Arrow move to the next or previous focusable node; whenever focus moves to a selectable node, that node is selected.",在垂直排列的 Tree 彈出內容中，向右鍵與向左鍵會展開、收合或在父子節點間移動；向下鍵與向上鍵移到下一個或上一個可聚焦節點。焦點移到可選取節點時，也會選取該節點。,焦點位於垂直排列的 Tree 型彈出內容時：向右鍵在已收合節點上會展開該節點，且焦點與選取皆不移動，在已展開節點上會移至第一個子節點，在末端節點上不做任何動作；向左鍵在已展開節點上會收合該節點，在末端或已收合的子節點上會移至其父節點，在末端或已收合的根節點上不做任何動作；向下鍵與向上鍵會在不改變任何節點展開狀態的前提下，移至下一個或上一個可聚焦節點。上述焦點移動時，若目的節點為可選取的建議值，該節點同時被選取。,APG Combobox Pattern；SC 2.1.1 Keyboard；SC 2.4.3 Focus Order,Active,手動,,https://www.w3.org/WAI/ARIA/apg/patterns/combobox/,APG Pattern Rule,鍵盤操作,必,1,,鍵盤操作
APG-CBX-020,Tree popup Home and End reach boundaries,Tree 型彈出內容以 Home 與 End 移至邊界,Tree 型彈出內容以 Home 與 End 鍵移至首末節點,"In a tree popup, Home moves focus to the first focusable node and End moves focus to the last focusable node without changing expansion state; the destination node is selected when it is selectable.",在 Tree 彈出內容中，Home 將焦點移到第一個可聚焦節點，End 移到最後一個可聚焦節點，且不改變展開狀態；若目的節點可選取，也會選取該節點。,焦點位於 Tree 型彈出內容時，按 Home 鍵會將焦點移至第一個可聚焦節點，按 End 鍵會移至最後一個可聚焦節點，且皆不改變任何節點的展開或收合狀態；若目的節點為可選取的建議值，該節點同時被選取。,APG Combobox Pattern；SC 2.1.1 Keyboard；SC 2.4.3 Focus Order,Active,手動,,https://www.w3.org/WAI/ARIA/apg/patterns/combobox/,APG Pattern Rule,鍵盤操作,必,1,,焦點移動
APG-CBX-021,Tree popup distinguishes focus from selection on category nodes,Tree 型彈出內容在分類節點區分焦點與選取,Tree 型彈出內容在不可選取的分類節點上區分焦點與選取,"When focus moves to a parent or category node that is not a selectable suggestion, either the previous selection remains or no value is selected, and focus is visually distinct from selection.",焦點移到不可作為建議值選取的父節點或分類節點時，原選取可維持不變或不選取任何值，且畫面上的焦點與選取狀態能清楚區分。,焦點移至不可作為建議值選取的父節點或分類節點時，須為「維持原本已選取的節點不變」或「沒有任何值被選取」兩者之一。且畫面上焦點樣式與選取樣式必須有明顯可辨識的差異，讓使用者能清楚判斷目前是否已選取某個值。,"APG Combobox Pattern；SC 2.4.3 Focus Order；SC 4.1.2 Name, Role, Value；ARIA aria-selected",Active,手動,,https://www.w3.org/WAI/ARIA/apg/patterns/combobox/,APG Pattern Rule,焦點管理,必,2,,焦點移動
APG-CBX-022,Horizontal Tree popup exposes horizontal orientation,水平 Tree 型彈出內容呈現水平排列語意,水平排列的 Tree 型彈出內容標示水平方向語意,"If nodes in a tree popup are arranged horizontally, the tree has aria-orientation=horizontal.",若 Tree 型彈出內容的節點水平排列，Tree 設定 aria-orientation=horizontal。,"Tree 型彈出內容的節點若為水平排列，該 Tree 元素須設定 aria-orientation=""horizontal""。","APG Combobox Pattern；SC 1.3.1 Info and Relationships；SC 4.1.2 Name, Role, Value；ARIA aria-orientation",Active,手動,,https://www.w3.org/WAI/ARIA/apg/patterns/combobox/,APG Pattern Rule,元件語意,必,3,,靜態語意／屬性
APG-CBX-023,Horizontal Tree popup maps Arrow keys to its orientation,水平 Tree 型彈出內容依排列方向對應方向鍵,水平排列的 Tree 型彈出內容互換方向鍵行為,"In a horizontally oriented tree popup, Down Arrow performs the vertical tree Right Arrow behavior and Up Arrow performs the vertical tree Left Arrow behavior, with the reverse mappings applied as documented.",若 Tree 型彈出內容水平排列，向下鍵與向上鍵分別對應垂直 Tree 的向右鍵與向左鍵行為，其他方向鍵也依文件互換。,"Tree 型彈出內容設定 aria-orientation=""horizontal"" 時，向下鍵與向右鍵的行為互換，向上鍵與向左鍵的行為互換。",APG Combobox Pattern；SC 2.1.1 Keyboard；SC 2.4.3 Focus Order,Active,手動,,https://www.w3.org/WAI/ARIA/apg/patterns/combobox/,APG Pattern Rule,鍵盤操作,必,1,,鍵盤操作
APG-CBX-024,Combobox Dialog popup implements the Modal Dialog Pattern,Combobox 的對話框彈出內容實作 Modal Dialog Pattern,Combobox 的對話框型彈出內容實作 Modal Dialog Pattern,"If a combobox uses a dialog popup, the popup implements the keyboard interaction defined by the Modal Dialog Pattern.",若 Combobox 使用對話框型彈出內容，對話框的焦點移入、焦點循環、關閉方式及其他鍵盤操作符合 Modal Dialog Pattern。,若 Combobox 使用對話框型彈出內容，對話框的焦點移入、焦點循環、關閉方式及其他鍵盤操作符合 Modal Dialog Pattern。,APG Combobox Pattern；APG Dialog (Modal) Pattern；SC 2.1.1 Keyboard；SC 2.4.3 Focus Order；ARIA dialog,Active,手動,,https://www.w3.org/WAI/ARIA/apg/patterns/combobox/,APG Pattern Rule,焦點管理,必,2,,鍵盤操作
APG-CBX-025,Combobox Dialog popup completion and cancelation restore focus and value,Combobox 對話框完成或取消後恢復焦點與正確值,Combobox 對話框完成或取消後將焦點移回並正確處理值,"When a combobox dialog popup is completed or canceled, DOM focus returns to the combobox and its value is updated, preserved, or cleared according to the action.",完成或取消 Combobox 的對話框彈出內容後，焦點回到 Combobox，且其值依完成或取消動作正確更新、保留或清除。,在對話框型彈出內容中執行可指定 Combobox 值的動作（例如按下確定按鈕）後，對話框關閉、焦點移回 Combobox，且該值帶入 Combobox。取消對話框（按 Escape 鍵或啟用取消按鈕）時，焦點同樣移回 Combobox，且須為「保留原值不變」或「清除 Combobox 的值」兩者之一。,APG Combobox Pattern；SC 2.4.3 Focus Order；ARIA dialog,Active,手動,,https://www.w3.org/WAI/ARIA/apg/patterns/combobox/,APG Pattern Rule,焦點管理,必,2,,焦點移動
APG-CBX-026,Combobox input has combobox role,Combobox 輸入元件具有 combobox 角色語意,Combobox 輸入元件具有 combobox 角色語意,The element that receives input and displays the value has role=combobox or equivalent native semantics.,接收輸入並顯示目前值的元素具有 role=combobox 或等效的原生語意。,"接收使用者輸入並顯示目前值的元素，須具有 role=""combobox"" 或等效的 HTML 原生語意。","APG Combobox Pattern；SC 4.1.2 Name, Role, Value；ARIA combobox",Active,手動,,https://www.w3.org/WAI/ARIA/apg/patterns/combobox/,APG Pattern Rule,元件語意,必,2,,靜態語意／屬性
APG-CBX-027,Combobox aria-controls references its popup,Combobox 的 aria-controls 指向彈出內容,Combobox 以 aria-controls 指向其彈出內容,"When the popup is visible, the combobox aria-controls value refers to the popup element. If aria-controls remains set while the popup is hidden, it continues to refer to that popup element.",彈出內容顯示時，Combobox 的 aria-controls 值指向該彈出元素；彈出內容隱藏後若仍保留 aria-controls，其值仍指向同一個彈出元素。,彈出內容顯示時，Combobox 的 aria-controls 須指向作為彈出內容的元素。aria-controls 僅在彈出內容可見時為必要；若彈出內容隱藏後仍保留此屬性，其值仍須指向同一個彈出元素。,"APG Combobox Pattern；SC 1.3.1 Info and Relationships；SC 4.1.2 Name, Role, Value；ARIA aria-controls",Active,手動,,https://www.w3.org/WAI/ARIA/apg/patterns/combobox/,APG Pattern Rule,元件語意,必,3,,靜態語意／屬性
APG-CBX-028,Combobox popup has a supported role,Combobox 彈出內容具有支援的角色語意,Combobox 的彈出內容具有支援的角色語意,"The combobox popup has role=listbox, tree, grid, or dialog according to its interaction model.",彈出內容依其互動模式具有 role=listbox、role=tree、role=grid 或 role=dialog。,"Combobox 的彈出內容須依其互動模式，具有 role=""listbox""、role=""tree""、role=""grid"" 或 role=""dialog"" 其中之一。","APG Combobox Pattern；SC 4.1.2 Name, Role, Value；ARIA listbox；ARIA tree；ARIA grid；ARIA dialog",Active,手動,,https://www.w3.org/WAI/ARIA/apg/patterns/combobox/,APG Pattern Rule,元件語意,必,3,,靜態語意／屬性
APG-CBX-029,Combobox popup implements its corresponding APG pattern,Combobox 彈出內容符合其對應的 APG Pattern,Combobox 的彈出內容符合其對應的 APG Pattern,"A popup with role=listbox, role=grid, role=tree, or role=dialog implements the roles, states, properties, and relationships defined by its corresponding APG pattern.",具有 role=listbox、role=grid、role=tree 或 role=dialog 的 Combobox 彈出內容，符合其對應 APG Pattern 規定的角色、狀態、屬性與關係。,"具有 role=""listbox""、role=""grid""、role=""tree"" 或 role=""dialog"" 的 Combobox 彈出內容，須符合各自對應 APG Pattern 所定義的角色、狀態、屬性與關聯。","APG Combobox Pattern；SC 1.3.1 Info and Relationships；SC 4.1.2 Name, Role, Value；ARIA listbox；ARIA grid；ARIA tree；ARIA dialog",Active,手動,,https://www.w3.org/WAI/ARIA/apg/patterns/combobox/,APG Pattern Rule,元件語意,必,3,,靜態語意／屬性
APG-CBX-030,Combobox aria-haspopup matches the popup type,Combobox 的 aria-haspopup 與彈出類型一致,Combobox 的 aria-haspopup 與彈出內容類型一致,"When the popup has role=grid, tree, or dialog, aria-haspopup is set to the matching role. For a listbox popup, aria-haspopup is omitted or set to listbox.",彈出內容具有 role=grid、role=tree 或 role=dialog 時，aria-haspopup 設為相符的角色值；彈出內容具有 role=listbox 時，aria-haspopup 省略或設為 listbox。,"彈出內容為 role=""grid""、role=""tree"" 或 role=""dialog"" 時，Combobox 須將 aria-haspopup 設為相對應的值（grid、tree 或 dialog）。彈出內容為 role=""listbox"" 時可省略，因為 role=""combobox"" 的 aria-haspopup 隱含值即為 listbox。","APG Combobox Pattern；SC 4.1.2 Name, Role, Value；ARIA aria-haspopup",Active,手動,,https://www.w3.org/WAI/ARIA/apg/patterns/combobox/,APG Pattern Rule,元件語意,必,2,,靜態語意／屬性
APG-CBX-031,Combobox aria-expanded reflects popup visibility,Combobox 的 aria-expanded 正確反映彈出內容可見狀態,Combobox 的 aria-expanded 反映彈出內容的顯示狀態,aria-expanded is false while the popup is hidden and true while it is visible.,Combobox 彈出內容隱藏時 aria-expanded=false；可見時為 true。,"彈出內容隱藏時，Combobox 須設定 aria-expanded=""false""；彈出內容可見時須設定為 true。","APG Combobox Pattern；SC 4.1.2 Name, Role, Value；ARIA aria-expanded",Active,手動,,https://www.w3.org/WAI/ARIA/apg/patterns/combobox/,APG Pattern Rule,元件語意,必,2,,狀態變化
APG-CBX-032,Combobox manages popup focus with aria-activedescendant,Combobox 以 aria-activedescendant 管理非對話框彈出焦點,Combobox 以 aria-activedescendant 管理彈出內容中的焦點,"For listbox, grid, or tree popups, DOM focus remains on the combobox and aria-activedescendant references the active popup descendant.",對於 Listbox、Grid 或 Tree 型彈出內容，DOM 焦點維持在 Combobox，且 aria-activedescendant 指向彈出內容中目前作用中的子元素。,Combobox 取得焦點時，DOM 焦點置於 Combobox 元素上。當焦點位於 Listbox、Grid 或 Tree 型彈出內容的子元素時，DOM 焦點仍維持在 Combobox，並由 Combobox 的 aria-activedescendant 指向彈出內容中目前作用中的子元素。對話框型彈出內容不適用，其 DOM 焦點會實際移入對話框。,"APG Combobox Pattern；SC 2.4.3 Focus Order；SC 4.1.2 Name, Role, Value；ARIA aria-activedescendant",Active,手動,,https://www.w3.org/WAI/ARIA/apg/patterns/combobox/,APG Pattern Rule,焦點管理,必,3,1,焦點移動
APG-CBX-033,Combobox popup exposes the selected suggestion,Combobox 彈出內容正確呈現目前選取建議,Combobox 的彈出內容標示目前選取的建議值,"If a suggestion is visually shown as selected, the option, gridcell, row, or treeitem representing it has aria-selected=true.","若某個建議選項在畫面上顯示為已選取，代表該選項的 option、gridcell、row 或 treeitem 角色元素具有 aria-selected=""true""。","使用 Listbox、Grid 或 Tree 型彈出內容時，若某個建議值在畫面上被標示為目前選取的值，代表該值的 option、gridcell、row 或 treeitem 元素須設定 aria-selected=""true""。","APG Combobox Pattern；SC 4.1.2 Name, Role, Value；ARIA aria-selected",Active,手動,,https://www.w3.org/WAI/ARIA/apg/patterns/combobox/,APG Pattern Rule,元件語意,必,3,,狀態變化
APG-CBX-034,Combobox has an accessible name distinct from its value,Combobox 具有與目前值可區分的無障礙名稱,Combobox 具有與目前值可區分的無障礙名稱,"If the combobox has a visible label and is an HTML element that can be labelled with label, it uses that label; otherwise a visible label is referenced with aria-labelledby, or aria-label provides the name when no visible label exists. Its accessible name is distinct from its current value.",若 Combobox 有可見標籤且可使用 HTML label 元素，應以 label 提供無障礙名稱；否則以 aria-labelledby 關聯可見標籤，沒有可見標籤時使用 aria-label。其無障礙名稱與目前值不同。,Combobox 若有可見標籤，且其元素為可用 HTML label 元素標示的元素（例如 input），須使用 label 元素提供無障礙名稱；否則以 aria-labelledby 指向該可見標籤；若無可見標籤，則以 aria-label 提供名稱。Combobox 的無障礙名稱須與其目前值有所區別，讓輔助科技使用者在元件預設狀態下能同時得知名稱與值。,"APG Combobox Pattern；SC 2.4.6 Headings and Labels；SC 4.1.2 Name, Role, Value；ARIA aria-labelledby；ARIA aria-label",Active,手動,,https://www.w3.org/WAI/ARIA/apg/patterns/combobox/,APG Pattern Rule,元件語意,必,2,,靜態語意／屬性
APG-CBX-035,Combobox aria-autocomplete matches its behavior,Combobox 的 aria-autocomplete 符合自動完成行為,Combobox 的 aria-autocomplete 與其自動完成行為一致,"An editable combobox sets aria-autocomplete to none when it provides no autocomplete behavior, to list when it provides a list of suggestions based on the user’s input, or to both when it provides both list and inline autocomplete.",可編輯 Combobox 不提供自動完成功能時，將 aria-autocomplete 設為 none；依使用者輸入提供建議選項清單時設為 list；同時提供建議選項清單與行內自動完成文字時設為 both。,可編輯的 Combobox 須依其自動完成行為設定 aria-autocomplete：彈出內容中的建議值不隨輸入字元改變時設為 none；彈出內容會提供對應輸入字元的建議值清單時設為 list；除建議值清單外，還會在輸入游標後方顯示行內完成字串時設為 both。,"APG Combobox Pattern；SC 4.1.2 Name, Role, Value；ARIA aria-autocomplete",Active,手動,,https://www.w3.org/WAI/ARIA/apg/patterns/combobox/,APG Pattern Rule,元件語意,必,2,,靜態語意／屬性
APG-CBX-036,Automatically selected suggestion is committed on focus loss,自動選取的建議會在失去焦點時採用,自動選取的建議值在 Combobox 失去焦點時成為其值,"In an editable combobox with automatic list autocomplete, the automatically selected suggestion becomes the combobox value when focus leaves unless the user selects another suggestion or changes the typed text.",可編輯 Combobox 使用自動選取的 list 自動完成時，失去焦點後會採用自動選取的建議值；若使用者另選建議或修改輸入文字，則採用使用者的結果。,可編輯的 Combobox 採用「list 自動完成並自動選取」行為時，彈出內容出現後第一個建議值會自動標示為選取狀態；Combobox 失去焦點時，該自動選取的建議值即成為 Combobox 的值，除非使用者另行選擇了其他建議值、或修改了已輸入的文字。,"APG Combobox Pattern；SC 3.2.2 On Input；SC 4.1.2 Name, Role, Value；ARIA aria-autocomplete",Active,手動,,https://www.w3.org/WAI/ARIA/apg/patterns/combobox/,APG Pattern Rule,元件語意,必,2,,狀態變化
APG-CBX-037,Inline autocomplete completion is visible and selected,行內自動完成文字清楚顯示並呈現選取狀態,行內自動完成字串以視覺反白與選取狀態呈現,"In a combobox with aria-autocomplete=both, the untyped completion string appears inline after the input cursor, is visually highlighted, and has a selected state.",Combobox 使用 aria-autocomplete=both 時，使用者尚未輸入的完成字串會接在輸入游標後方行內顯示，並以視覺反白及選取狀態呈現。,"Combobox 設定 aria-autocomplete=""both"" 時，所選建議值中使用者尚未輸入的部分（完成字串）會接在輸入游標後方以行內方式顯示，且須以視覺反白呈現並具有選取狀態。","APG Combobox Pattern；SC 1.3.1 Info and Relationships；SC 4.1.2 Name, Role, Value；ARIA aria-autocomplete",Active,手動,,https://www.w3.org/WAI/ARIA/apg/patterns/combobox/,APG Pattern Rule,元件語意,必,2,,狀態變化
APG-CBX-038,Adjacent Open button displays an available combobox popup,相鄰的開啟按鈕可顯示可用的 Combobox 彈出內容,相鄰的開啟按鈕可顯示 Combobox 的彈出內容,"If a graphical Open button is provided adjacent to the combobox, activating it displays the popup when suggestions are available.",若 Combobox 旁有圖像化開啟按鈕，啟用後會在有建議內容時開啟彈出內容。,Combobox 旁若設有圖像化的開啟按鈕（Open button），啟用該按鈕時，在有可用建議值的情況下會顯示彈出內容。,"APG Combobox Pattern；APG Button Pattern；SC 2.1.1 Keyboard；SC 4.1.2 Name, Role, Value",Active,手動,,https://www.w3.org/WAI/ARIA/apg/patterns/combobox/,APG Pattern Rule,鍵盤操作,選,1,,靜態語意／屬性
APG-CHK-001,Checkbox changes state with Space,核取方塊可用 Space 切換狀態,核取方塊可用 Space 切換狀態,"When focus is on the checkbox, Space changes its checked state.",當焦點位於核取方塊時，按 Space，勾選狀態會切換。,當焦點位於核取方塊時，按 Space，勾選狀態會切換。,"APG Checkbox Pattern；SC 2.1.1 Keyboard；SC 4.1.2 Name, Role, Value",Active,手動,,https://www.w3.org/WAI/ARIA/apg/patterns/checkbox/,APG Pattern Rule,鍵盤操作,必,1,,鍵盤操作
APG-CHK-002,Checkbox has checkbox role,核取方塊具有 checkbox 角色語意,核取方塊具有 checkbox 角色語意,The checkbox has role=checkbox or equivalent native checkbox semantics.,核取控制項具有 role=checkbox 或等效的原生核取方塊語意。,核取控制項具有 role=checkbox 或等效的原生核取方塊語意。,"APG Checkbox Pattern；SC 4.1.2 Name, Role, Value；ARIA checkbox",Active,手動,,https://www.w3.org/WAI/ARIA/apg/patterns/checkbox/,APG Pattern Rule,元件語意,必,2,,靜態語意／屬性
APG-CHK-003,Checkbox has an accessible name,核取方塊具有無障礙名稱,核取方塊具有無障礙名稱,"The checkbox has an accessible name from its text content, aria-labelledby, or aria-label.",核取方塊的無障礙名稱來自其文字內容、aria-labelledby 或 aria-label。,核取方塊的無障礙名稱來自其文字內容、aria-labelledby 或 aria-label。,"APG Checkbox Pattern；SC 2.4.6 Headings and Labels；SC 4.1.2 Name, Role, Value；ARIA aria-labelledby；ARIA aria-label",Active,手動,,https://www.w3.org/WAI/ARIA/apg/patterns/checkbox/,APG Pattern Rule,元件語意,必,2,,靜態語意／屬性
APG-CHK-004,Checkbox exposes checked and mixed states correctly,核取方塊正確呈現勾選與部分勾選狀態,核取方塊正確呈現勾選與部分勾選狀態,"aria-checked is true when checked, false when unchecked, and mixed when a tri-state checkbox is partially checked.",核取方塊勾選時 aria-checked=true、未勾選時為 false；三態核取方塊部分勾選時為 mixed。,核取方塊勾選時 aria-checked=true、未勾選時為 false；三態核取方塊部分勾選時為 mixed。,"APG Checkbox Pattern；SC 4.1.2 Name, Role, Value；ARIA aria-checked",Active,手動,,https://www.w3.org/WAI/ARIA/apg/patterns/checkbox/,APG Pattern Rule,元件語意,必,2,,狀態變化
APG-CHK-005,A tri-state checkbox used to control a checkbox group updates the states of its child checkboxes.,用來控制整組核取方塊的三態核取方塊會同步更新子項目。,用來控制整組核取方塊的三態核取方塊會同步更新子項目。,"If a tri-state checkbox controls a group, checking it checks all controlled checkboxes, unchecking it unchecks all controlled checkboxes, and any supported third activation restores the remembered partial selection.",若三態核取方塊用來控制一組選項，將其勾選會勾選全部子核取方塊，取消勾選會取消全部；若支援第三次切換，則會還原先前記住的部分勾選狀態。,若三態核取方塊用來控制一組選項，將其勾選會勾選全部子核取方塊，取消勾選會取消全部；若支援第三次切換，則會還原先前記住的部分勾選狀態。,"APG Checkbox Pattern；SC 3.2.2 On Input；SC 4.1.2 Name, Role, Value",Active,手動,,https://www.w3.org/WAI/ARIA/apg/patterns/checkbox/,APG Pattern Rule,元件語意,必,1,,狀態變化
APG-CHK-006,Checkbox group has an accessible label,核取方塊群組具有無障礙名稱,核取方塊群組具有無障礙名稱,A logical group of checkboxes with a visible label is contained in a group whose aria-labelledby references that label.,若多個核取方塊構成同一群組，role=group 的 aria-labelledby 指向可見群組標籤。,若多個核取方塊構成同一群組，role=group 的 aria-labelledby 指向可見群組標籤。,"APG Checkbox Pattern；SC 1.3.1 Info and Relationships；SC 4.1.2 Name, Role, Value；ARIA group；ARIA aria-labelledby",Active,手動,,https://www.w3.org/WAI/ARIA/apg/patterns/checkbox/,APG Pattern Rule,元件語意,必,2,,靜態語意／屬性
APG-CHK-007,Checkbox or checkbox group has an accessible description,核取方塊或核取方塊群組具有無障礙補充說明,核取方塊或核取方塊群組具有無障礙補充說明,"If a checkbox or checkbox group has supplementary information, aria-describedby on the relevant element refers to the element containing that information.",若核取方塊或核取方塊群組有補充說明，對應元素的 aria-describedby 指向包含該補充說明的元素。,若核取方塊或核取方塊群組有補充說明，對應元素的 aria-describedby 指向包含該補充說明的元素。,APG Checkbox Pattern；SC 1.3.1 Info and Relationships；ARIA aria-describedby,Active,手動,,https://www.w3.org/WAI/ARIA/apg/patterns/checkbox/,APG Pattern Rule,頁面結構,必,2,,靜態語意／屬性
APG-DISC-001,Disclosure control toggles content with Enter or Space,Disclosure 控制項可用 Enter 或 Space 切換內容,Disclosure 控制元件可用 Enter 鍵或空白鍵切換內容,"When the disclosure control has focus, Enter or Space activates it and toggles the visibility of its controlled content.",焦點位於 Disclosure 控制項時，按 Enter 或 Space 會啟動控制項，並切換其所控制內容的顯示／隱藏狀態。,當焦點位於 Disclosure 控制元件時，按下 Enter 鍵或空白鍵可觸發該元件，並切換其所控制內容的顯示與隱藏。,"APG Disclosure (Show/Hide) Pattern；SC 2.1.1 Keyboard；SC 4.1.2 Name, Role, Value",Active,手動,,https://www.w3.org/WAI/ARIA/apg/patterns/disclosure/,APG Pattern Rule,鍵盤操作,必,1,,鍵盤操作
APG-DISC-002,Disclosure control has button semantics,Disclosure 控制項具有按鈕語意,Disclosure 控制元件須具備 button 角色語意,The element that shows and hides the disclosure content has button semantics.,用來顯示或隱藏 Disclosure 內容的元素具有按鈕語意。,用來顯示與隱藏 Disclosure 內容的元素須具備 button 角色語意。,"APG Disclosure (Show/Hide) Pattern；SC 4.1.2 Name, Role, Value；ARIA button",Active,手動,,https://www.w3.org/WAI/ARIA/apg/patterns/disclosure/,APG Pattern Rule,元件語意,必,2,,靜態語意／屬性
APG-DISC-003,Disclosure aria-expanded reflects controlled content visibility,Disclosure 的 aria-expanded 正確反映內容可見狀態,Disclosure 的 aria-expanded 須反映內容的顯示狀態,The disclosure button has aria-expanded=true when its content is visible and aria-expanded=false when its content is hidden.,Disclosure 按鈕所控制的內容可見時，aria-expanded=true；內容隱藏時，aria-expanded=false。,Disclosure 按鈕所控制的內容可見時，aria-expanded=true；內容隱藏時，aria-expanded=false。,"APG Disclosure (Show/Hide) Pattern；SC 4.1.2 Name, Role, Value；ARIA aria-expanded",Active,手動,,https://www.w3.org/WAI/ARIA/apg/patterns/disclosure/,APG Pattern Rule,元件語意,必,2,,狀態變化
APG-DISC-004,Disclosure aria-controls identifies the controlled content,Disclosure 的 aria-controls 指向受控制內容,Disclosure 的 aria-controls 須指向受控制的內容,"If aria-controls is provided on the disclosure button, its value refers to the element containing all content shown or hidden by the button.",若 Disclosure 按鈕提供 aria-controls，其值會指向包含該按鈕所顯示或隱藏全部內容的元素。,若 Disclosure 按鈕提供 aria-controls，其值須指向包含該按鈕所顯示或隱藏全部內容的元素。,APG Disclosure (Show/Hide) Pattern；ARIA aria-controls,Active,手動,,https://www.w3.org/WAI/ARIA/apg/patterns/disclosure/,APG Pattern Rule,元件語意,選,3,,靜態語意／屬性
APG-DLG-001,Opening a dialog moves focus appropriately,開啟對話框時焦點移到適當位置,開啟對話框時焦點須移至內部適當位置,"When a dialog opens, focus moves inside it to a position appropriate for the content and task: a static element at the start of structured or lengthy content, the least destructive action for an irreversible task, or the control most likely to be used for a simple information or continuation dialog.",對話框開啟時，焦點移到對話框內符合內容與任務的位置：結構複雜或較長內容的起始靜態元素、不可逆任務中破壞性最低的操作，或單純資訊／繼續流程中最常使用的控制項。,對話框開啟時，焦點須移至框內符合內容與任務的位置：內容較長或結構複雜時，移至內容起始的靜態元素；任務不可逆時，移至影響最小的操作；單純提供資訊或繼續流程時，移至最可能使用的控制元件。,APG Dialog (Modal) Pattern；SC 2.4.3 Focus Order；SC 3.2.1 On Focus,Active,手動,,https://www.w3.org/WAI/ARIA/apg/patterns/dialog-modal/,APG Pattern Rule,焦點管理,必,1,,焦點移動
APG-DLG-002,Dialog traps Tab focus inside,對話框內的 Tab 焦點循環,Tab 焦點只會在對話框中循環,"Tab moves focus only within the dialog to the next tabbable element. If focus is on the last tabbable element, it moves to the first tabbable element.",按 Tab 時，焦點只在對話框內移至下一個可用 Tab 鍵到達的元素；若焦點位於最後一個元素，則移至第一個元素。,按下 Tab 鍵時，焦點僅能在對話框內移至下一個可透過 Tab 鍵到達的元素；若焦點位於最後一個元素時，則須移回第一個元素。,APG Dialog (Modal) Pattern；SC 2.1.1 Keyboard；SC 2.4.3 Focus Order,Active,手動,,https://www.w3.org/WAI/ARIA/apg/patterns/dialog-modal/,APG Pattern Rule,焦點管理,必,1,,焦點移動
APG-DLG-003,Dialog traps Shift+Tab focus inside,對話框內的 Shift+Tab 焦點循環,Shift+Tab 焦點只會在對話框中循環,"Shift+Tab moves focus only within the dialog to the previous tabbable element. If focus is on the first tabbable element, it moves to the last tabbable element.",按 Shift+Tab 時，焦點只在對話框內移至前一個可用 Tab 鍵到達的元素；若焦點位於第一個元素，則移至最後一個元素。,按下 Shift+Tab 鍵時，焦點僅能在對話框內移至上一個可透過 Tab 鍵到達的元素；若焦點位於第一個元素時，則須移至最後一個元素。,APG Dialog (Modal) Pattern；SC 2.1.1 Keyboard；SC 2.4.3 Focus Order,Active,手動,,https://www.w3.org/WAI/ARIA/apg/patterns/dialog-modal/,APG Pattern Rule,焦點管理,必,1,,焦點移動
APG-DLG-004,Dialog avoids positive tabindex values,對話框避免使用正數 tabindex,對話框不得使用正數 tabindex,The dialog does not use tabindex values greater than 0 to control its Tab sequence.,對話框不使用大於 0 的 tabindex 值控制 Tab 順序。,對話框不得以大於 0 的 tabindex 值控制其 Tab 順序。,APG Dialog (Modal) Pattern；SC 2.4.3 Focus Order,Active,手動,,https://www.w3.org/WAI/ARIA/apg/patterns/dialog-modal/,APG Pattern Rule,焦點管理,選,1,,靜態語意／屬性
APG-DLG-005,Escape closes the dialog,Escape 可關閉對話框,Esc 鍵可關閉對話框,Escape closes the dialog.,按 Escape 會關閉對話框。,按下 Esc 鍵須關閉對話框。,APG Dialog (Modal) Pattern；SC 2.1.1 Keyboard,Active,手動,,https://www.w3.org/WAI/ARIA/apg/patterns/dialog-modal/,APG Pattern Rule,鍵盤操作,必,1,,鍵盤操作
APG-DLG-006,Closing dialog restores logical focus,關閉對話框後焦點回到合理位置,關閉對話框後焦點須回到合理位置,"When a dialog closes, focus returns to the invoking element or another element that provides a logical workflow when the invoker no longer exists or workflow requires it.",對話框關閉後，焦點回到觸發元件；若觸發元件已不存在，或工作流程需要其他位置，則移至能提供合理流程的其他元素。,關閉對話框後，焦點須回到原觸發元素；若該元素已不存在，或流程另有更合理的位置，則移至能提供合理流程的其他元素。,APG Dialog (Modal) Pattern；SC 2.4.3 Focus Order；SC 3.2.1 On Focus,Active,手動,,https://www.w3.org/WAI/ARIA/apg/patterns/dialog-modal/,APG Pattern Rule,焦點管理,必,1,,焦點移動
APG-DLG-007,Dialog has visible close control in Tab sequence,對話框提供可見且可 Tab 到的關閉控制項,對話框須提供可見且可透過 Tab 到達的關閉按鈕,"The dialog tab sequence includes a visible button that closes the dialog, such as a close or cancel button.",對話框內有可見、可用 Tab 到達且可關閉對話框的按鈕，例如關閉或取消按鈕。,對話框的 Tab 鍵順序中，須包含可見的關閉按鈕，例如關閉或取消。,APG Dialog (Modal) Pattern；SC 2.1.1 Keyboard；SC 2.4.7 Focus Visible,Active,手動,,https://www.w3.org/WAI/ARIA/apg/patterns/dialog-modal/,APG Pattern Rule,鍵盤操作,選,1,,焦點移動
APG-DLG-008,Dialog container has dialog role,對話框容器具有 dialog 角色,對話框容器具有 dialog 角色,The dialog container element has role=dialog.,對話框的容器具有 role=dialog。,對話框的容器須設定 role=dialog。,"APG Dialog (Modal) Pattern；SC 4.1.2 Name, Role, Value；ARIA dialog",Active,手動,,https://www.w3.org/WAI/ARIA/apg/patterns/dialog-modal/,APG Pattern Rule,元件語意,必,2,,靜態語意／屬性
APG-DLG-009,Dialog controls are descendants of dialog,操作對話框所需元件位於 role=dialog 的元素內,操作對話框所需的元素須位於 role=dialog 之內,All elements required to operate the dialog are descendants of the element with role=dialog.,操作對話框所需的所有元素都位於 role=dialog 元素之內。,操作對話框所需的所有元素，都須是 role=dialog 元素的子階層元素。,APG Dialog (Modal) Pattern；SC 1.3.1 Info and Relationships；ARIA dialog,Active,手動,,https://www.w3.org/WAI/ARIA/apg/patterns/dialog-modal/,APG Pattern Rule,頁面結構,必,2,,靜態語意／屬性
APG-DLG-010,Dialog correctly sets aria-modal=true,對話框正確設定 aria-modal,對話框須設定 aria-modal=true,The dialog container has aria-modal=true.,對話框容器設定 aria-modal=true。,對話框的容器須設定 aria-modal=true。,"APG Dialog (Modal) Pattern；SC 4.1.2 Name, Role, Value；ARIA aria-modal",Active,手動,,https://www.w3.org/WAI/ARIA/apg/patterns/dialog-modal/,APG Pattern Rule,元件語意,必,2,,靜態語意／屬性
APG-DLG-011,Dialog prevents interaction with background content,對話框阻止操作背景內容,對話框開啟時須阻止操作背景內容,"When a dialog is open, application code prevents interaction with content outside the dialog.",對話框開啟時，應用程式會防止使用者與對話框外的內容互動。,對話框開啟時，應用程式須防止使用者操作對話框外的內容。,APG Dialog (Modal) Pattern；SC 2.1.1 Keyboard；SC 2.4.3 Focus Order；ARIA aria-modal,Active,手動,,https://www.w3.org/WAI/ARIA/apg/patterns/dialog-modal/,APG Pattern Rule,焦點管理,必,2,,視覺與實際行為
APG-DLG-012,Dialog visually obscures background content,對話框在視覺上遮蔽背景內容,對話框開啟時須在視覺上遮蔽背景內容,"When a dialog is open, visual styling obscures the content outside the dialog.",對話框開啟時，對話框外的背景內容在視覺上被遮蔽或淡化。,對話框開啟時，對話框外的背景內容在視覺上須被遮蔽或淡化。,APG Dialog (Modal) Pattern；ARIA aria-modal,Active,手動,,https://www.w3.org/WAI/ARIA/apg/patterns/dialog-modal/,APG Pattern Rule,焦點管理,必,2,,視覺與實際行為
APG-DLG-013,Dialog has accessible name,對話框具有無障礙名稱,對話框須具有無障礙名稱,"The dialog has aria-labelledby referring to a visible dialog title, or has an aria-label.",對話框以 aria-labelledby 關聯可見標題，或提供 aria-label 作為無障礙名稱。,對話框須以 aria-labelledby 關聯可見標題，或提供 aria-label 作為無障礙名稱。,"APG Dialog (Modal) Pattern；SC 4.1.2 Name, Role, Value；ARIA aria-labelledby；ARIA aria-label",Active,手動,,https://www.w3.org/WAI/ARIA/apg/patterns/dialog-modal/,APG Pattern Rule,元件語意,必,2,,靜態語意／屬性
APG-DLG-014,Dialog aria-describedby is used only for simple description,簡短說明才使用 aria-describedby 描述對話框,僅在說明簡短時才使用 aria-describedby,"If aria-describedby is set on a dialog, it refers to content describing the purpose or message. It is not set when structured content such as lists, tables, or paragraphs must be navigated.",對話框若設定 aria-describedby，該屬性指向說明用途或訊息的內容；需要逐項導覽的清單、表格或多段文字不使用 aria-describedby 一次關聯。,對話框若設定 aria-describedby，該屬性須指向說明用途或訊息的內容；若該內容是需要逐項導覽的清單、表格或多段文字，則不得使用 aria-describedby 一次關聯。,"APG Dialog (Modal) Pattern；SC 1.3.1 Info and Relationships；SC 4.1.2 Name, Role, Value；ARIA aria-describedby",Active,手動,,https://www.w3.org/WAI/ARIA/apg/patterns/dialog-modal/,APG Pattern Rule,元件語意,選,2,,靜態語意／屬性
APG-DLG-015,Legacy aria-hidden hides inert background content without hiding the dialog,舊式 aria-hidden 隱藏非作用中背景內容但不隱藏對話框,舊式 aria-hidden 須隱藏停用的背景但不得隱藏對話框,"If legacy aria-hidden is used to hide inert background content from assistive technologies, aria-hidden=true is set on each element containing a portion of the inert layer, and the dialog element is not a descendant of any element with aria-hidden=true.",若使用舊式 aria-hidden 對輔助科技隱藏非作用中的背景內容，則每個包含部分非作用中背景層的元素皆設定 aria-hidden=true，且對話框元素不得位於任何 aria-hidden=true 元素之內。,若使用舊式 aria-hidden 對輔助科技隱藏停用的背景內容，須在每個包含該背景層的元素上設定 aria-hidden=true，且對話框元素不得位於任何 aria-hidden=true 元素的子階層中。,"APG Dialog (Modal) Pattern；SC 4.1.2 Name, Role, Value；ARIA aria-hidden",Active,手動,,https://www.w3.org/WAI/ARIA/apg/patterns/dialog-modal/,APG Pattern Rule,元件語意,選,2,,靜態語意／屬性
APG-FED-001,Feed scrolls and updates based on the article containing focus,Feed 依包含焦點的文章進行捲動與更新,Feed 依包含焦點的文章進行捲動與更新,"The page scrolls content appropriately and loads or removes feed articles based on which article contains DOM focus, without causing focus to be lost during the update.",在 Feed 文章間移動 DOM 焦點並觸發動態更新，頁面依焦點所在文章進行適當捲動、載入或移除內容，且更新過程不會造成焦點遺失。,在 Feed 文章間移動 DOM 焦點並觸發動態更新，頁面依焦點所在文章進行適當捲動、載入或移除內容，且更新過程不會造成焦點遺失。,APG Feed Pattern；SC 2.4.3 Focus Order；SC 3.2.1 On Focus,Active,手動,,https://www.w3.org/WAI/ARIA/apg/patterns/feed/,APG Pattern Rule,焦點管理,必,1,,靜態語意／屬性
APG-FED-002,Page Down moves focus to the next feed article,Feed 可用 Page Down 移到下一篇文章,Feed 可用 Page Down 移到下一篇文章,Page Down moves focus to the next article.,Page Down 會將焦點移到下一篇文章。,Page Down 會將焦點移到下一篇文章。,APG Feed Pattern；SC 2.1.1 Keyboard；SC 2.4.3 Focus Order,Active,手動,,https://www.w3.org/WAI/ARIA/apg/patterns/feed/,APG Pattern Rule,鍵盤操作,選,1,,焦點移動
APG-FED-003,Page Up moves focus to the previous feed article,Feed 可用 Page Up 移到上一篇文章,Feed 可用 Page Up 移到上一篇文章,Page Up moves focus to the previous article.,Page Up 會將焦點移到上一篇文章。,Page Up 會將焦點移到上一篇文章。,APG Feed Pattern；SC 2.1.1 Keyboard；SC 2.4.3 Focus Order,Active,手動,,https://www.w3.org/WAI/ARIA/apg/patterns/feed/,APG Pattern Rule,鍵盤操作,選,1,,焦點移動
APG-FED-004,Control End moves focus after the feed,Feed 可用 Control+End 移到 Feed 之後,Feed 可用 Control+End 移到 Feed 之後,Control+End moves focus to the first focusable element after the feed.,Control+End 會將焦點移到 Feed 之後的第一個可聚焦元素。,Control+End 會將焦點移到 Feed 之後的第一個可聚焦元素。,APG Feed Pattern；SC 2.1.1 Keyboard；SC 2.4.3 Focus Order；SC 2.4.1 Bypass Blocks,Active,手動,,https://www.w3.org/WAI/ARIA/apg/patterns/feed/,APG Pattern Rule,鍵盤操作,選,1,,焦點移動
APG-FED-005,Control Home moves focus before the feed,Feed 可用 Control+Home 移到 Feed 之前,Feed 可用 Control+Home 移到 Feed 之前,Control+Home moves focus to the first focusable element before the feed.,Control+Home 會將焦點移到 Feed 之前的第一個可聚焦元素。,Control+Home 會將焦點移到 Feed 之前的第一個可聚焦元素。,APG Feed Pattern；SC 2.1.1 Keyboard；SC 2.4.3 Focus Order；SC 2.4.1 Bypass Blocks,Active,手動,,https://www.w3.org/WAI/ARIA/apg/patterns/feed/,APG Pattern Rule,鍵盤操作,選,1,,焦點移動
APG-FED-006,Feed keyboard commands are documented and discoverable,Feed 鍵盤操作說明清楚且容易找到,Feed 鍵盤操作說明清楚且容易找到,"If the Feed provides custom navigation keys, documentation for those commands is easily discoverable.",若 Feed 提供 Page Up、Page Down 等自訂操作，頁面上有容易找到且清楚的鍵盤操作說明。,若 Feed 提供 Page Up、Page Down 等自訂操作，頁面上有容易找到且清楚的鍵盤操作說明。,APG Feed Pattern；SC 3.3.2 Labels or Instructions,Active,手動,,https://www.w3.org/WAI/ARIA/apg/patterns/feed/,APG Pattern Rule,元件語意,選,1,,鍵盤操作
APG-FED-007,Nested feed has a workable keyboard navigation path,巢狀 Feed 提供可行的鍵盤進入與離開方式,巢狀 Feed 提供可行的鍵盤進入與離開方式,"If a feed contains a nested feed, keyboard users can enter it with Tab or an implemented shortcut and return to the outer feed, such as with Control+End to the next outer article. If a contained widget uses a feed navigation key, that key operates the widget and users can move focus outside it to resume feed navigation.",Feed 含有巢狀 Feed 時，鍵盤使用者可用 Tab 或實作的快捷鍵進入，並能返回外層 Feed，例如以 Control+End 移到外層下一篇文章。若內含元件使用 Feed 導覽鍵，該按鍵先操作元件，使用者可將焦點移出後繼續導覽 Feed。,Feed 含有巢狀 Feed 時，鍵盤使用者可用 Tab 或實作的快捷鍵進入，並能返回外層 Feed，例如以 Control+End 移到外層下一篇文章。若內含元件使用 Feed 導覽鍵，該按鍵先操作元件，使用者可將焦點移出後繼續導覽 Feed。,APG Feed Pattern；SC 2.1.1 Keyboard；SC 2.1.2 No Keyboard Trap；SC 2.4.3 Focus Order,Active,手動,,https://www.w3.org/WAI/ARIA/apg/patterns/feed/,APG Pattern Rule,焦點管理,選,1,,鍵盤操作
APG-FED-008,Feed container has feed role,Feed 容器具有 feed 角色語意,Feed 容器具有 feed 角色語意,The element containing the set of feed articles has role=feed.,包含所有動態資訊流文章的容器具有 role=feed。,包含所有資訊文章的容器具有 role=feed。,APG Feed Pattern；SC 1.3.1 Info and Relationships；ARIA feed,Active,手動,,https://www.w3.org/WAI/ARIA/apg/patterns/feed/,APG Pattern Rule,頁面結構,必,3,,靜態語意／屬性
APG-FED-009,Feed has an accessible name,Feed 具有無障礙名稱,Feed 具有無障礙名稱,"The feed is named with aria-labelledby when a visible label exists, or with aria-label otherwise.",Feed 以 aria-labelledby 關聯可見標題；沒有可見標題時，以 aria-label 提供名稱。,Feed 以 aria-labelledby 關聯可見標題；沒有可見標題時，以 aria-label 提供名稱。,"APG Feed Pattern；SC 2.4.6 Headings and Labels；SC 4.1.2 Name, Role, Value；ARIA aria-labelledby；ARIA aria-label",Active,手動,,https://www.w3.org/WAI/ARIA/apg/patterns/feed/,APG Pattern Rule,元件語意,必,2,,靜態語意／屬性
APG-FED-010,All feed content is contained in articles,Feed 內所有內容均位於 role=article 的元素中,Feed 內所有內容均位於 role=article 的元素中,"Every unit of feed content has role=article, and all content inside the feed is contained within an article.",Feed 中每個內容單元具有 role=article，且 Feed 內沒有游離在 role=article 的元素外的內容。,Feed 中每個內容單元具有 role=article，且 Feed 內沒有游離在 role=article 的元素外的內容。,APG Feed Pattern；SC 1.3.1 Info and Relationships；ARIA article,Active,手動,,https://www.w3.org/WAI/ARIA/apg/patterns/feed/,APG Pattern Rule,頁面結構,必,2,,靜態語意／屬性
APG-FED-011,Each feed article has a distinguishing accessible name,每篇 Feed 文章具有可區分的無障礙名稱,每篇 Feed 文章具有可區分的無障礙名稱,Each article has aria-labelledby referring to content inside the article that provides a distinguishing label.,每個 role=article 元素的 aria-labelledby 指向文章內能提供可區辨標籤的內容。,每個 role=article 元素的 aria-labelledby 指向文章內能提供可區辨標籤的內容。,"APG Feed Pattern；SC 2.4.6 Headings and Labels；SC 4.1.2 Name, Role, Value；ARIA aria-labelledby",Active,手動,,https://www.w3.org/WAI/ARIA/apg/patterns/feed/,APG Pattern Rule,元件語意,必,2,,靜態語意／屬性
APG-FED-012,Feed article has an accessible description that is provided by its primary content,Feed 文章具有無障礙補充說明，且由主要內容提供,Feed 文章具有無障礙補充說明，且由主要內容提供,"Each feed article uses aria-describedby to refer to one or more elements containing its primary content, which provides its accessible description.",每篇 Feed 文章使用 aria-describedby，指向包含其主要內容並提供無障礙補充說明的一個或多個元素。,每篇 Feed 文章使用 aria-describedby，指向包含其主要內容並提供無障礙補充說明的一個或多個元素。,APG Feed Pattern；SC 1.3.1 Info and Relationships；ARIA aria-describedby,Active,手動,,https://www.w3.org/WAI/ARIA/apg/patterns/feed/,APG Pattern Rule,頁面結構,選,2,,靜態語意／屬性
APG-FED-013,Feed article exposes its position with aria-posinset,Feed 文章以 aria-posinset 提供所在位置,Feed 文章以 aria-posinset 提供所在位置,Each article has aria-posinset set to its position in the feed.,每個 role=article 元素的 aria-posinset 正確表示其在 Feed 中的位置。,每個 role=article 元素的 aria-posinset 正確表示其在 Feed 總數量中的位置。,APG Feed Pattern；SC 1.3.1 Info and Relationships；ARIA aria-posinset,Active,手動,,https://www.w3.org/WAI/ARIA/apg/patterns/feed/,APG Pattern Rule,頁面結構,必,3,,靜態語意／屬性
APG-FED-014,Feed article exposes the set size with aria-setsize,Feed 文章以 aria-setsize 提供文章總數,Feed 文章以 aria-setsize 提供文章總數,"Each article has aria-setsize set to the loaded or total article count; when the total is unknown, aria-setsize is -1.",每個 role=article 元素的 aria-setsize 表示已載入的文章數或完整文章總數；總數未知時，aria-setsize 設為 -1。,每個 role=article 元素的 aria-setsize 表示已載入的文章數或完整文章總數；總數未知時，aria-setsize 設為 -1。,APG Feed Pattern；SC 1.3.1 Info and Relationships；ARIA aria-setsize,Active,手動,,https://www.w3.org/WAI/ARIA/apg/patterns/feed/,APG Pattern Rule,頁面結構,必,3,,靜態語意／屬性
APG-FED-015,Feed aria-busy reflects multi-step updates,Feed 的 aria-busy 正確反映動態更新狀態,Feed 的 aria-busy 正確反映動態更新狀態,"During a multi-operation addition or removal of articles, the feed has aria-busy=true and returns to aria-busy=false when the update is complete.",多步驟新增或移除文章期間，Feed 設為 aria-busy=true；更新完成後恢復為 aria-busy=false。,多步驟新增或移除文章期間，Feed 設為 aria-busy=true；更新完成後恢復為 aria-busy=false。,"APG Feed Pattern；SC 4.1.3 Status Messages；SC 4.1.2 Name, Role, Value；ARIA aria-busy",Active,手動,,https://www.w3.org/WAI/ARIA/apg/patterns/feed/,APG Pattern Rule,狀態訊息,必,2,,狀態變化
APG-GRID-001,Grid has a single item in the page Tab sequence,Grid 在頁面 Tab 順序中只有一個進入點,Grid 在頁面 Tab 順序中只有一個進入點,Only one focusable element contained by the grid is included in the page Tab sequence at a time.,使用 Tab 導覽頁面時，整個 Grid 同一時間只有一個內部元素位於頁面 Tab 順序。,使用 Tab 導覽頁面時，整個 Grid 同一時間只有一個內部元素位於頁面 Tab 順序。,APG Grid Pattern；SC 2.1.1 Keyboard；SC 2.4.3 Focus Order,Active,手動,,https://www.w3.org/WAI/ARIA/apg/patterns/grid/,APG Pattern Rule,焦點管理,必,1,,焦點移動
APG-GRID-002,Grid cells are keyboard reachable,Grid 儲存格內容可由鍵盤到達,Grid 儲存格內容可由鍵盤到達,Each data cell is focusable or contains a focusable element. Non-interactive row and column headers are not required to be focusable.,每個資料儲存格本身可聚焦，或包含可聚焦元素；非互動式的列標題與欄標題不必設為可聚焦。,每個資料儲存格本身可聚焦，或包含可聚焦元素；非互動式的列標題與欄標題不必設為可聚焦。,APG Grid Pattern；SC 2.1.1 Keyboard；SC 2.4.3 Focus Order,Active,手動,,https://www.w3.org/WAI/ARIA/apg/patterns/grid/,APG Pattern Rule,鍵盤操作,必,1,,鍵盤操作
APG-GRID-003,Data grid supports horizontal arrow navigation,Data Grid 支援向左鍵與向右鍵逐格移動,Data Grid 支援向左鍵與向右鍵逐格移動,Right Arrow and Left Arrow move focus one cell horizontally and do not move beyond the first or last cell in a row.,在 Data Grid 內按向左鍵與向右鍵時，焦點逐格水平移動；到達每列最左格或最右格時不再移動。,在 Data Grid 內按向左鍵與向右鍵時，焦點逐格水平移動；到達每列最左格或最右格時不再移動。,APG Grid Pattern；SC 2.1.1 Keyboard；SC 2.4.3 Focus Order,Active,手動,,https://www.w3.org/WAI/ARIA/apg/patterns/grid/,APG Pattern Rule,鍵盤操作,必,1,,焦點移動
APG-GRID-004,Data grid supports vertical arrow navigation,Data Grid 支援向上鍵與向下鍵逐格移動,Data Grid 支援向上鍵與向下鍵逐格移動,Down Arrow and Up Arrow move focus one cell vertically and do not move beyond the first or last cell in a column.,在 Data Grid 內按向上鍵與向下鍵時，焦點逐格垂直移動；到達每欄最上格或最下格時不再移動。,,APG Grid Pattern；SC 2.1.1 Keyboard；SC 2.4.3 Focus Order,Active,手動,,https://www.w3.org/WAI/ARIA/apg/patterns/grid/,APG Pattern Rule,鍵盤操作,必,1,,焦點移動
APG-GRID-005,Data grid supports Page Up and Page Down navigation,Data Grid 支援 Page Up 與 Page Down 導覽,Data Grid 支援 Page Up 與 Page Down 導覽,Page Down and Page Up move focus by an author-determined number of rows without moving beyond the first or last row.,在 Data Grid 內按 Page Up 與 Page Down 時，焦點依設計跨多列移動；到達第一列或最後一列時不再移動。,在 Data Grid 內按 Page Up 與 Page Down 時，焦點依設計跨多列移動；到達第一列或最後一列時不再移動。,APG Grid Pattern；SC 2.1.1 Keyboard；SC 2.4.3 Focus Order,Active,手動,,https://www.w3.org/WAI/ARIA/apg/patterns/grid/,APG Pattern Rule,鍵盤操作,必,1,,焦點移動
APG-GRID-006,Data grid Home and End move within the current row,Data Grid 的 Home 與 End 移到目前列首尾,Data Grid 的 Home 與 End 移到目前列首尾,Home moves focus to the first cell in the focused row and End moves it to the last cell in that row.,在 Data Grid 任一儲存格按 Home 與 End 時，焦點分別移至目前列的第一格與最後一格。,在 Data Grid 任一儲存格按 Home 與 End 時，焦點分別移至目前列的第一格與最後一格。,APG Grid Pattern；SC 2.1.1 Keyboard；SC 2.4.3 Focus Order,Active,手動,,https://www.w3.org/WAI/ARIA/apg/patterns/grid/,APG Pattern Rule,鍵盤操作,必,1,,焦點移動
APG-GRID-007,Data grid Control Home and Control End move to grid boundaries,Data Grid 的 Control+Home 與 Control+End 移到整體首尾,Data Grid 的 Control+Home 與 Control+End 移到整體首尾,Control+Home moves focus to the first cell in the first row and Control+End moves it to the last cell in the last rendered row.,在 Data Grid 任一儲存格按 Control+Home 與 Control+End 時，焦點分別移至第一列第一格與目前已載入範圍的最後一格。,在 Data Grid 任一儲存格按 Control+Home 與 Control+End 時，焦點分別移至第一列第一格與目前已載入範圍的最後一格。,APG Grid Pattern；SC 2.1.1 Keyboard；SC 2.4.3 Focus Order,Active,手動,,https://www.w3.org/WAI/ARIA/apg/patterns/grid/,APG Pattern Rule,鍵盤操作,必,1,,焦點移動
APG-GRID-008,Layout grid supports horizontal arrow navigation,Layout Grid 支援向左鍵與向右鍵逐格移動,Layout Grid 支援向左鍵與向右鍵逐格移動,"Right Arrow and Left Arrow move focus one cell horizontally among layout grid cells. If wrapping is implemented, it follows a predictable reading order and stops at the grid boundaries.",在 Layout Grid 內按向左鍵與向右鍵時，焦點依對應方向逐格水平移動；若支援換列，移動順序須符合可預期的閱讀順序，否則到達 Grid 邊界時不再移動。,在 Layout Grid 內按向左鍵與向右鍵時，焦點依對應方向逐格水平移動；若支援換列，移動順序須符合可預期的閱讀順序，否則到達 Grid 邊界時不再移動。,APG Grid Pattern；SC 2.1.1 Keyboard；SC 2.4.3 Focus Order,Active,手動,,https://www.w3.org/WAI/ARIA/apg/patterns/grid/,APG Pattern Rule,鍵盤操作,必,1,,焦點移動
APG-GRID-009,Layout grid supports vertical arrow navigation,Layout Grid 支援向上鍵與向下鍵逐格移動,Layout Grid 支援向上鍵與向下鍵逐格移動,"Down Arrow and Up Arrow move focus one cell vertically among layout grid cells. If wrapping is implemented, it follows a predictable reading order and stops at the grid boundaries.",在 Layout Grid 內按向上鍵與向下鍵時，焦點依對應方向逐格垂直移動；若支援換欄，移動順序須符合可預期的閱讀順序，否則到達 Grid 邊界時不再移動。,在 Layout Grid 內按向上鍵與向下鍵時，焦點依對應方向逐格垂直移動；若支援換欄，移動順序須符合可預期的閱讀順序，否則到達 Grid 邊界時不再移動。,APG Grid Pattern；SC 2.1.1 Keyboard；SC 2.4.3 Focus Order,Active,手動,,https://www.w3.org/WAI/ARIA/apg/patterns/grid/,APG Pattern Rule,鍵盤操作,必,1,,焦點移動
APG-GRID-010,Layout grid supports Page Up and Page Down navigation,Layout Grid 支援 Page Up 與 Page Down 導覽,Layout Grid 支援 Page Up 與 Page Down 導覽,"In a Layout Grid, Page Up and Page Down move focus by an author-determined number of rows; focus stops at the first or last row.",在 Layout Grid 內按 Page Up 與 Page Down 時，焦點依設計跨多列移動；到達第一列或最後一列時不再移動。,在 Layout Grid 內按 Page Up 與 Page Down 時，焦點依設計跨多列移動；到達第一列或最後一列時不再移動。,APG Grid Pattern；SC 2.1.1 Keyboard；SC 2.4.3 Focus Order,Active,手動,,https://www.w3.org/WAI/ARIA/apg/patterns/grid/,APG Pattern Rule,鍵盤操作,選,1,,焦點移動
APG-GRID-011,Layout grid Home and End move to logical row boundaries,Layout Grid 的 Home 與 End 移到合理的列首尾,Layout Grid 的 Home 與 End 移到合理的列首尾,"Home and End move focus to the first and last cell of the current row, or to the first and last grid cell in supported single-column or short-row layouts.",在 Layout Grid 內按 Home 與 End 將焦點移至目前列的第一格與最後一格；在支援的單欄或短列版面中，也可移至 Grid 的第一格與最後一格。,在 Layout Grid 內按 Home 與 End 將焦點移至目前列的第一格與最後一格；在支援的單欄或短列版面中，也可移至 Grid 的第一格與最後一格。,APG Grid Pattern；SC 2.1.1 Keyboard；SC 2.4.3 Focus Order,Active,手動,,https://www.w3.org/WAI/ARIA/apg/patterns/grid/,APG Pattern Rule,鍵盤操作,必,1,,焦點移動
APG-GRID-012,Layout grid supports Control Home and Control End,Layout Grid 支援 Control+Home 與 Control+End,Layout Grid 支援 Control+Home 與 Control+End,"In a Layout Grid, Control+Home and Control+End move focus to the first and last cells, respectively.",在 Layout Grid 內按 Control+Home 與 Control+End 時，焦點分別移至第一格與最後一格。,在 Layout Grid 內按 Control+Home 與 Control+End 時，焦點分別移至第一格與最後一格。,APG Grid Pattern；SC 2.1.1 Keyboard；SC 2.4.3 Focus Order,Active,手動,,https://www.w3.org/WAI/ARIA/apg/patterns/grid/,APG Pattern Rule,鍵盤操作,選,1,,焦點移動
APG-GRID-013,Grid selection keyboard commands update selection predictably,Grid 選取快捷鍵會依預期更新選取範圍,Grid 選取快捷鍵會依預期更新選取範圍,"If grid selection commands are provided, Control+Space selects the focused column, Shift+Space selects the focused row, Control+A selects all cells, and Shift+Arrow extends the selection one cell in the pressed direction without unexpected focus loss.",若 Grid 提供選取快捷鍵，Control+Space 選取焦點所在欄、Shift+Space 選取焦點所在列、Control+A 選取全部儲存格，Shift 加方向鍵則向該方向延伸一格選取範圍，過程中不會意外失去焦點。,若 Grid 提供選取快捷鍵，Control+Space 選取焦點所在欄、Shift+Space 選取焦點所在列、Control+A 選取全部儲存格，Shift 加方向鍵則向該方向延伸一格選取範圍，過程中不會意外失去焦點。,"APG Grid Pattern；SC 2.1.1 Keyboard；SC 4.1.2 Name, Role, Value",Active,手動,,https://www.w3.org/WAI/ARIA/apg/patterns/grid/,APG Pattern Rule,鍵盤操作,選,1,,鍵盤操作
APG-GRID-014,Enter or F2 enters cell interaction mode,Grid 可用 Enter 或 F2 進入儲存格互動模式,Grid 可用 Enter 或 F2 進入儲存格互動模式,"When a cell contains editable content or widgets that need grid navigation keys, Enter or F2 moves focus into the editor or first widget and disables grid navigation. A subsequent F2 restores grid navigation. In a single-line editor, a subsequent Enter either restores grid navigation or moves focus to an input in a neighboring cell.",儲存格含有可編輯內容或需要 Grid 導覽鍵的元件時，Enter 或 F2 將焦點移入編輯欄位或第一個元件並停用 Grid 導覽；再按 F2 會恢復 Grid 導覽。單行編輯欄位再按 Enter 時，會恢復 Grid 導覽或移到相鄰儲存格的輸入欄位。,儲存格含有可編輯內容或需要 Grid 導覽鍵的元件時，Enter 或 F2 將焦點移入編輯欄位或第一個元件並停用 Grid 導覽；再按 F2 會恢復 Grid 導覽。單行編輯欄位再按 Enter 時，會恢復 Grid 導覽或移到相鄰儲存格的輸入欄位。,APG Grid Pattern；SC 2.1.1 Keyboard；SC 2.4.3 Focus Order,Active,手動,,https://www.w3.org/WAI/ARIA/apg/patterns/grid/,APG Pattern Rule,鍵盤操作,必,1,,焦點移動
APG-GRID-015,Typing starts editing in an editable grid cell,Grid 可由輸入字元開始編輯儲存格,Grid 可由輸入字元開始編輯儲存格,Typing an alphanumeric character in an editable cell moves focus to its input and enters the character.,在可編輯儲存格中輸入英數字元時，焦點移至其輸入欄位並輸入該字元。,在可編輯儲存格中輸入英數字元時，焦點移至其輸入欄位並輸入該字元。,APG Grid Pattern；SC 2.1.1 Keyboard,Active,手動,,https://www.w3.org/WAI/ARIA/apg/patterns/grid/,APG Pattern Rule,鍵盤操作,選,1,,焦點移動
APG-GRID-016,Escape restores grid navigation,Grid 可用 Escape 回復逐格導覽,Grid 可用 Escape 回復逐格導覽,"When grid navigation is disabled for cell interaction, Escape restores grid navigation.",Grid 導覽因儲存格互動而停用時，按下 Escape 會恢復 Grid 導覽。,Grid 導覽因儲存格互動而停用時，按下 Escape 會恢復 Grid 導覽。,APG Grid Pattern；SC 2.1.1 Keyboard；SC 2.4.3 Focus Order,Active,手動,,https://www.w3.org/WAI/ARIA/apg/patterns/grid/,APG Pattern Rule,鍵盤操作,必,1,,鍵盤操作
APG-GRID-017,Widgets inside a grid cell are keyboard operable,Grid 儲存格內的元件可由鍵盤操作,Grid 儲存格內的元件可由鍵盤操作,"In cell interaction mode, Right or Down Arrow moves to the next widget and Left or Up Arrow moves to the previous widget when a cell contains multiple widgets, with optional wrapping; otherwise the Arrow key is passed to the focused widget. Tab and Shift+Tab move to the next and previous widgets, with optional wrapping within the cell or grid.",在儲存格互動模式中，若儲存格含多個元件，向右鍵或向下鍵移到下一個元件，向左鍵或向上鍵移到上一個元件，並可選擇循環；否則方向鍵交由目前元件處理。Tab 與 Shift+Tab 移到下一個及上一個元件，並可選擇在儲存格或 Grid 內循環。,在儲存格互動模式中，若儲存格含多個元件，向右鍵或向下鍵移到下一個元件，向左鍵或向上鍵移到上一個元件，並可選擇循環；否則方向鍵交由目前元件處理。Tab 與 Shift+Tab 移到下一個及上一個元件，並可選擇在儲存格或 Grid 內循環。,APG Grid Pattern；SC 2.1.1 Keyboard；SC 2.4.3 Focus Order,Active,手動,,https://www.w3.org/WAI/ARIA/apg/patterns/grid/,APG Pattern Rule,鍵盤操作,必,1,,鍵盤操作
APG-GRID-018,Grid container has grid role,Grid 容器具有 grid 角色語意,Grid 容器具有 grid 角色語意,"The grid container has role=grid. When an HTML table is used to implement the grid, role=grid is applied to the table element.",互動式 Grid 容器具有 role=grid；若以 HTML table 實作 Grid，仍須在 table 元素設定 role=grid。,互動式 Grid 容器具有 role=grid；若以 HTML table 實作 Grid，仍須在 table 元素設定 role=grid。,APG Grid Pattern；SC 1.3.1 Info and Relationships；ARIA grid,Active,手動,,https://www.w3.org/WAI/ARIA/apg/patterns/grid/,APG Pattern Rule,頁面結構,必,3,2,靜態語意／屬性
APG-GRID-019,Grid rows have correct role and ownership,Grid 列具有正確角色與所屬關係,Grid 列具有正確角色與所屬關係,Each row has role=row and is a descendant of or owned by the grid or a rowgroup.,每一列具有 role=row，並位於 role=grid 或 role=rowgroup 的元素之內，或由其擁有。,每一列具有 role=row，並位於 role=grid 或 role=rowgroup 的元素之內，或由其擁有。,APG Grid Pattern；SC 1.3.1 Info and Relationships；ARIA row；ARIA rowgroup,Active,手動,,https://www.w3.org/WAI/ARIA/apg/patterns/grid/,APG Pattern Rule,頁面結構,必,3,,靜態語意／屬性
APG-GRID-020,Grid cells use roles that match their purpose,Grid 儲存格角色符合內容用途,Grid 儲存格角色符合內容用途,"Each cell belongs to a row and uses columnheader, rowheader, or gridcell according to its purpose.",Grid 儲存格屬於 role=row 的元素，並依用途正確使用 columnheader、rowheader 或 gridcell 角色語意。,Grid 儲存格屬於 role=row 的元素，並依用途正確使用 columnheader、rowheader 或 gridcell 角色語意。,APG Grid Pattern；SC 1.3.1 Info and Relationships；ARIA columnheader；ARIA rowheader；ARIA gridcell,Active,手動,,https://www.w3.org/WAI/ARIA/apg/patterns/grid/,APG Pattern Rule,頁面結構,必,3,,靜態語意／屬性
APG-GRID-021,Grid has an accessible name,Grid 具有無障礙名稱,Grid 具有無障礙名稱,"The grid is named with aria-labelledby when a visible label exists, or with aria-label otherwise.",Grid 以 aria-labelledby 關聯可見標題；沒有可見標題時，以 aria-label 提供名稱。,Grid 以 aria-labelledby 關聯可見標題；沒有可見標題時，以 aria-label 提供名稱。,"APG Grid Pattern；SC 2.4.6 Headings and Labels；SC 4.1.2 Name, Role, Value；ARIA aria-labelledby；ARIA aria-label",Active,手動,,https://www.w3.org/WAI/ARIA/apg/patterns/grid/,APG Pattern Rule,元件語意,必,2,,靜態語意／屬性
APG-GRID-022,Grid has an accessible description that is provided by its caption or supplementary information,Grid 具有無障礙補充說明，且由標題或補充說明提供,Grid 具有無障礙補充說明，且由標題或補充說明提供,"If a grid has a caption or supplementary information, aria-describedby refers to the element containing that content.",若 Grid 有標題或補充說明，aria-describedby 指向包含該內容的元素。,若 Grid 有標題或補充說明，aria-describedby 指向包含該內容的元素。,APG Grid Pattern；SC 1.3.1 Info and Relationships；ARIA aria-describedby,Active,手動,,https://www.w3.org/WAI/ARIA/apg/patterns/grid/,APG Pattern Rule,頁面結構,必,2,,靜態語意／屬性
APG-GRID-023,Sortable grid exposes the current sort state,可排序 Grid 正確呈現目前排序狀態,可排序 Grid 正確呈現目前排序狀態,"When the grid provides sorting, aria-sort on the sorted header identifies the current sort direction.",Grid 提供排序時，已排序標題上的 aria-sort 會表示目前的排序方向。,Grid 提供排序時，已排序標題上的 aria-sort 會表示目前的排序方向。,"APG Grid Pattern；SC 4.1.2 Name, Role, Value；ARIA aria-sort",Active,手動,,https://www.w3.org/WAI/ARIA/apg/patterns/grid/,APG Pattern Rule,元件語意,必,3,,狀態變化
APG-GRID-024,Grid selection state is exposed correctly,Grid 正確呈現選取狀態,Grid 正確呈現選取狀態,"When a cell, row, or column is selected, aria-selected=true is exposed on the selected cell or row, or on every cell in a selected column.",選取儲存格、列或欄時，已選取的儲存格或列具有 aria-selected=true；選取整欄時，該欄的每個儲存格都具有 aria-selected=true。,選取儲存格、列或欄時，已選取的儲存格或列具有 aria-selected=true；選取整欄時，該欄的每個儲存格都具有 aria-selected=true。,"APG Grid Pattern；SC 4.1.2 Name, Role, Value；ARIA aria-selected",Active,手動,,https://www.w3.org/WAI/ARIA/apg/patterns/grid/,APG Pattern Rule,元件語意,必,2,,狀態變化
APG-GRID-025,Grid readonly state is omitted or exposed accurately,Grid 正確省略或呈現唯讀狀態,Grid 正確省略或呈現唯讀狀態,"A grid without editing functionality omits aria-readonly. In an editable grid, if aria-readonly is used, it is true only on cells whose editing is disabled, or on the grid when all cells are readonly.",沒有編輯功能的 Grid 不使用 aria-readonly；可編輯 Grid 若使用此屬性，只在禁止編輯的儲存格設為 true，全部唯讀時才可設在整個 Grid。,沒有編輯功能的 Grid 不使用 aria-readonly；可編輯 Grid 若使用此屬性，只在禁止編輯的儲存格設為 true，全部唯讀時才可設在整個 Grid。,"APG Grid Pattern；SC 4.1.2 Name, Role, Value；ARIA aria-readonly",Active,手動,,https://www.w3.org/WAI/ARIA/apg/patterns/grid/,APG Pattern Rule,元件語意,必,2,,靜態語意／屬性
APG-GRID-026,Grid exposes complete virtualized dimensions and positions,Grid 正確呈現虛擬化資料的完整維度與位置,Grid 正確呈現虛擬化資料的完整維度與位置,"When rows or columns are partially rendered, aria-rowcount and aria-rowindex or aria-colcount and aria-colindex expose the complete dimension and each rendered item's position.",Grid 只呈現部分列時，aria-rowcount 與 aria-rowindex 表示完整列數及位置；只呈現部分欄時，以 aria-colcount 與 aria-colindex 表示完整欄數及位置。,Grid 只呈現部分列時，aria-rowcount 與 aria-rowindex 表示完整列數及位置；只呈現部分欄時，以 aria-colcount 與 aria-colindex 表示完整欄數及位置。,APG Grid Pattern；SC 1.3.1 Info and Relationships；ARIA aria-rowcount；ARIA aria-rowindex；ARIA aria-colcount；ARIA aria-colindex,Active,手動,,https://www.w3.org/WAI/ARIA/apg/patterns/grid/,APG Pattern Rule,頁面結構,必,3,,靜態語意／屬性
APG-GRID-027,Grid exposes spanning cells with the correct native or ARIA semantics,Grid 以正確的原生或 ARIA 語意呈現跨格儲存格,Grid 以正確的原生或 ARIA 語意呈現跨格儲存格,A grid not implemented with an HTML table uses aria-rowspan and aria-colspan for spanning cells; an HTML table with role=grid uses native rowspan and colspan and does not use the ARIA span properties.,非 HTML table 型 Grid 使用 aria-rowspan 與 aria-colspan 表示跨格；具有 role=grid 的 HTML table 使用原生 rowspan 與 colspan，且不使用對應的 ARIA 跨格屬性。,非 HTML table 型 Grid 使用 aria-rowspan 與 aria-colspan 表示跨格；具有 role=grid 的 HTML table 使用原生 rowspan 與 colspan，且不使用對應的 ARIA 跨格屬性。,APG Grid Pattern；SC 1.3.1 Info and Relationships；ARIA aria-rowspan；ARIA aria-colspan,Active,手動,,https://www.w3.org/WAI/ARIA/apg/patterns/grid/,APG Pattern Rule,頁面結構,必,3,,靜態語意／屬性
APG-GRID-028,Owned Grid rows and cells preserve visual reading order,Grid 以 aria-owns 納入的列與儲存格維持閱讀順序,Grid 以 aria-owns 納入的列與儲存格維持閱讀順序,"If rows or cells are included with aria-owns, their assistive technology reading order matches the visual order, accounting for owned elements being presented after DOM descendants unless those descendants are also included in aria-owns.",若 Grid 以 aria-owns 納入外部 role=row 或 role=cell 的元素，輔助科技的閱讀順序與畫面順序一致，並納入被擁有元素會排在 DOM 子元素後的規則。,如果使用 aria-owns 把 row 或 cell 加進 Grid，要注意輔助科技的閱讀順序必須跟畫面上的順序一致。因為透過 aria-owns 加進來的元素，會排在 Grid 原本 DOM 子元素 的後面；如果這會造成順序錯誤，就需要把那些原本的 DOM 子元素也一起列入 aria-owns，用 aria-owns 的 ID 順序明確指定順序。,APG Grid Pattern；SC 1.3.2 Meaningful Sequence；ARIA aria-owns,Active,手動,,https://www.w3.org/WAI/ARIA/apg/patterns/grid/,APG Pattern Rule,閱讀順序,必,3,,視覺與實際行為
APG-GRID-029,Owned Grid rows and cells preserve visual focus order,Grid 以 aria-owns 納入的列與儲存格維持焦點順序,Grid 以 aria-owns 納入的列與儲存格維持焦點順序,"If rows or cells are included with aria-owns, scripted keyboard focus order matches the visual order.",若 Grid 以 aria-owns 納入外部 role=row 或 role=cell 的元素，使用鍵盤導覽並程式控制的焦點順序與畫面順序一致。,若 Grid 以 aria-owns 納入外部 row 或 cell 的元素，使用鍵盤導覽並程式控制的焦點順序與畫面順序一致。,APG Grid Pattern；SC 2.4.3 Focus Order；ARIA aria-owns,Active,手動,,https://www.w3.org/WAI/ARIA/apg/patterns/grid/,APG Pattern Rule,焦點管理,必,3,,焦點移動
APG-GRID-030,Grid navigation focuses a sole widget that does not use arrow keys,Grid 導覽直接聚焦不使用方向鍵的單一元件,Grid 導覽直接聚焦不使用方向鍵的單一元件,"A cell contains one widget whose operation does not require arrow keys and grid navigation keys set focus on that widget. Examples of such widgets include link, button, menubutton, toggle button, radio button (not radio group), switch, and checkbox.",Grid 儲存格只有一個不以方向鍵操作的可聚焦元件（如連結或按鈕）時，使用方向鍵進入該格會直接聚焦該元件。,Grid 儲存格只有一個不以方向鍵操作的可聚焦元件（如連結或按鈕）時，使用方向鍵進入該格會直接聚焦該元件。,"APG Grid Pattern；SC 2.4.3 Focus Order；SC 4.1.2 Name, Role, Value",Active,手動,,https://www.w3.org/WAI/ARIA/apg/patterns/grid/,APG Pattern Rule,焦點管理,選,1,,焦點移動
APG-GRID-031,Grid navigation focuses a cell containing text or a single graphic,Grid 導覽聚焦僅含文字或單一圖像的儲存格,Grid 導覽聚焦僅含文字或單一圖像的儲存格,A cell contains text or a single graphic and grid navigation keys set focus on the cell.,Grid 儲存格僅含文字或單一圖像時，gridcell 本身可取得焦點。,Grid 儲存格僅含文字或單一圖像時，gridcell 本身可取得焦點。,"APG Grid Pattern；SC 2.4.3 Focus Order；SC 4.1.2 Name, Role, Value",Active,手動,,https://www.w3.org/WAI/ARIA/apg/patterns/grid/,APG Pattern Rule,焦點管理,選,1,,焦點移動
APG-LBX-001,Single-select listbox receives focus on the selected or first option,單選 Listbox 進入時聚焦已選取選項或第一個選項,單選 Listbox 獲得焦點時，應聚焦已選取的選項；若無選取則聚焦第一個,"When a single-select listbox receives focus, focus lands on the selected option, or on the first option when none is selected.",進入單選 Listbox 時，焦點落在已選取的選項；若尚未選取，則落在第一個選項。,當單選 Listbox 獲得焦點時，焦點移至第一個已選取的選項，若無已選取項目則移至第一個選項。,APG Listbox Pattern；SC 2.1.1 Keyboard；SC 2.4.3 Focus Order,Active,手動,,https://www.w3.org/WAI/ARIA/apg/patterns/listbox/,APG Pattern Rule,焦點管理,必,1,,焦點移動
APG-LBX-002,Multi-select listbox receives focus without changing selection,多選 Listbox 進入時不會意外改變選取,多選 Listbox 獲得焦點時不應自動改變現有的選取狀態,"When a multi-select listbox receives focus, it focuses the first selected option, or the first option if none is selected, without automatically changing selection.",進入多選 Listbox 時，焦點落在第一個已選取的選項；若皆未選取，則落在第一個選項，且不會自動改變選取狀態。,當多選 Listbox 獲得焦點時，焦點移至第一個已選取的選項，若無已選取項目則移至第一個選項，且不自動改變選取狀態。,"APG Listbox Pattern；SC 2.1.1 Keyboard；SC 2.4.3 Focus Order；SC 4.1.2 Name, Role, Value",Active,手動,,https://www.w3.org/WAI/ARIA/apg/patterns/listbox/,APG Pattern Rule,焦點管理,必,1,,靜態語意／屬性
APG-LBX-003,Listbox supports Up and Down Arrow navigation,Listbox 支援向上鍵與向下鍵導覽, Listbox 支援向下鍵和向上鍵移動選項,Down Arrow moves focus to the next option and Up Arrow moves focus to the previous option.,向下鍵將焦點移至下一個選項，向上鍵將焦點移至上一個選項。,按下方向鍵將焦點移至下一個選項，按上方向鍵移至上一個選項。,APG Listbox Pattern；SC 2.1.1 Keyboard；SC 2.4.3 Focus Order,Active,手動,,https://www.w3.org/WAI/ARIA/apg/patterns/listbox/,APG Pattern Rule,鍵盤操作,必,1,,焦點移動
APG-LBX-004,Listbox supports Home and End navigation,Listbox 支援 Home 與 End 導覽, Listbox 支援 Home 鍵和 End 鍵移至第一個或最後一個選項,"Home moves focus to the first option, and End moves focus to the last option.",Home 會將焦點移到第一個選項，End 會將焦點移到最後一個選項。,Home 鍵將焦點移至第一個選項，End 鍵將焦點移至最後一個選項。,APG Listbox Pattern；SC 2.1.1 Keyboard；SC 2.4.3 Focus Order,Active,手動,,https://www.w3.org/WAI/ARIA/apg/patterns/listbox/,APG Pattern Rule,鍵盤操作,選,1,,焦點移動
APG-LBX-005,Single-select Listbox selection follows focus when configured,單選 Listbox 採焦點即選取時會同步更新選取項目,單選 Listbox 採焦點即選取模式時，移動焦點即同步選取,"If a single-select listbox uses selection-follows-focus, moving focus with Arrow, Home, or End unselects the previous option and selects the newly focused option.",若單選 Listbox 採用焦點即選取模式，以方向鍵、Home 或 End 移動焦點時，會取消原選項並選取新取得焦點的選項。,若單選 Listbox 採用「選取跟隨焦點」模式，使用方向鍵、Home 或 End 移動焦點時，會自動取消前一個選取項目並選取焦點所在的新選項。,"APG Listbox Pattern；SC 2.1.1 Keyboard；SC 4.1.2 Name, Role, Value",Active,手動,,https://www.w3.org/WAI/ARIA/apg/patterns/listbox/,APG Pattern Rule,鍵盤操作,選,1,,狀態變化
APG-LBX-006,Listbox provides recommended type-ahead navigation,Listbox 提供建議的輸入字元導覽,Listbox 支援輸入字元快速跳至對應選項,Rapidly typing one or more characters moves focus to the next option whose name starts with the typed string.,快速輸入一個或多個字元會將焦點移到下一個名稱以該字串開頭的選項。,快速輸入一個或多個字元時，焦點會跳至下一個名稱以輸入字串開頭的選項。,APG Listbox Pattern；SC 2.1.1 Keyboard,Active,手動,,https://www.w3.org/WAI/ARIA/apg/patterns/listbox/,APG Pattern Rule,鍵盤操作,選,1,,焦點移動
APG-LBX-007,Space toggles selection in a multi-select listbox,多選 Listbox 可用 Space 切換選取,多選 Listbox 可用 Space 鍵切換焦點項目的選取狀態,"In the APG no-modifier multi-select model, Space changes the selection state of the focused option without clearing other selections.",在 APG 不使用輔助鍵的多選模式中，Space 只切換目前焦點選項的選取狀態，不會清除其他選項的選取狀態。,在 APG 無修飾鍵的多選模式中，按 Space 鍵可切換焦點選項的選取狀態，且不清除其他已選取的項目。,"APG Listbox Pattern；SC 2.1.1 Keyboard；SC 4.1.2 Name, Role, Value",Active,手動,,https://www.w3.org/WAI/ARIA/apg/patterns/listbox/,APG Pattern Rule,鍵盤操作,必,1,,鍵盤操作
APG-LBX-008,Shift Arrow behavior matches the multi-select model,Shift 加方向鍵的行為符合多選模式,Shift+方向鍵的行為須符合所採用的多選模式,"In the no-modifier multi-select model, when Shift+Up Arrow and Shift+Down Arrow are implemented, they move focus and toggle the adjacent option. In the alternative modifier-key model, those Shift+Arrow behaviors are implemented.",在不使用輔助鍵的多選模式中，若實作 Shift+向上鍵與 Shift+向下鍵，這些按鍵會移動焦點並切換相鄰選項的選取狀態；在另一種使用輔助鍵的模式中，則會實作這些 Shift+方向鍵行為。,無論有無搭配修飾鍵，在多選模式中，Shift + 上下方向鍵，則移動焦點並切換相鄰選項的選取狀態。,APG Listbox Pattern；SC 2.1.1 Keyboard,Active,手動,,https://www.w3.org/WAI/ARIA/apg/patterns/listbox/,APG Pattern Rule,鍵盤操作,選,1,,焦點移動
APG-LBX-009,Multi-select listbox supports contiguous range selection,多選 Listbox 支援連續範圍選取,多選 Listbox 支援以 Shift + Space 鍵等快捷鍵選取連續範圍,"Shift+Space selects the contiguous range from the selection anchor to the focused option; Control+Shift+Home or Control+Shift+End selects the contiguous range to the first or last option, respectively.",Shift+Space 會選取從選取起點到目前焦點選項的連續範圍；Control+Shift+Home 或 Control+Shift+End 會分別選取到第一個或最後一個選項的連續範圍。,Shift + Space 鍵選取從錨點到目前焦點的連續範圍；Control + Shift + Home 或 Control + Shift + End 分別選取到第一個或最後一個選項的連續範圍。,APG Listbox Pattern；SC 2.1.1 Keyboard,Active,手動,,https://www.w3.org/WAI/ARIA/apg/patterns/listbox/,APG Pattern Rule,鍵盤操作,選,1,,鍵盤操作
APG-LBX-010,Multi-select listbox supports selecting all options,多選 Listbox 支援選取全部項目,多選 Listbox 支援 Control+A 選取所有選項,Pressing Control+A selects all options.,按 Control+A 後會選取所有選項。,按 Control + A 可全選所有選項。,APG Listbox Pattern；SC 2.1.1 Keyboard,Active,手動,,https://www.w3.org/WAI/ARIA/apg/patterns/listbox/,APG Pattern Rule,鍵盤操作,選,1,,鍵盤操作
APG-LBX-011,Modifier-key model unmodified navigation updates selection,修飾鍵多選模式的無修飾鍵導覽會更新選取,修飾鍵多選模式中，無修飾鍵的導覽操作只保留當前焦點項目的選取,"If the alternative modifier-key multi-select model is used, moving focus without Shift or Control unselects all options except the focused option.",若採替代修飾鍵多選模式，未按 Shift 或 Control 而移動焦點時，取消其他選項並只保留焦點項目的選取。,若使用修飾鍵多選模式，在未按 Shift 或 Control 的情況下移動焦點，會取消所有其他選取項目，只保留焦點所在的選項為選取狀態。,"APG Listbox Pattern；SC 2.1.1 Keyboard；SC 4.1.2 Name, Role, Value",Active,手動,,https://www.w3.org/WAI/ARIA/apg/patterns/listbox/,APG Pattern Rule,鍵盤操作,必,1,,狀態變化
APG-LBX-012,Modifier-key model Control Arrow moves focus without selection,修飾鍵多選模式以 Control+方向鍵只移動焦點,修飾鍵多選模式中，Control+方向鍵可移動焦點但不改變選取,"If the alternative modifier-key multi-select model is used, Control+Down Arrow and Control+Up Arrow move focus without changing selection.",若採替代修飾鍵多選模式，Control+向下鍵與 Control+向上鍵只移動焦點，不改變任何選項的選取狀態。,若使用修飾鍵多選模式，Control + 下方向鍵與 Control + 上方向鍵只移動焦點，不改變選取狀態。,APG Listbox Pattern；SC 2.1.1 Keyboard；SC 2.4.3 Focus Order,Active,手動,,https://www.w3.org/WAI/ARIA/apg/patterns/listbox/,APG Pattern Rule,鍵盤操作,必,1,,焦點移動
APG-LBX-013,Modifier-key model Control Space toggles the focused option,修飾鍵多選模式以 Control+Space 切換焦點項目,修飾鍵多選模式中，Control+空白鍵可切換焦點項目的選取狀態,"If the alternative modifier-key multi-select model is used, Control+Space changes only the selection state of the focused option.",若採替代修飾鍵多選模式，Control+Space 只切換目前焦點選項的選取狀態。,若使用修飾鍵多選模式，Control + Space 鍵只切換焦點選項的選取狀態，不影響其他選項。,"APG Listbox Pattern；SC 2.1.1 Keyboard；SC 4.1.2 Name, Role, Value",Active,手動,,https://www.w3.org/WAI/ARIA/apg/patterns/listbox/,APG Pattern Rule,鍵盤操作,必,1,,鍵盤操作
APG-LBX-014,Listbox aria-activedescendant identifies the active option,Listbox 的 aria-activedescendant 指向目前作用中的選項, Listbox 以 aria-activedescendant 標示目前作用中的選項,"If DOM focus remains on the listbox, aria-activedescendant references the visually active option and updates whenever the active option changes.",若 DOM 焦點維持在 Listbox 容器上，aria-activedescendant 會指向畫面上目前作用中的選項，並在作用中選項改變時同步更新。,若鍵盤焦點焦點停留在 Listbox ，aria-activedescendant 須指向視覺上作用中的選項，並在作用選項改變時即時更新。,"APG Listbox Pattern；SC 2.4.3 Focus Order；SC 4.1.2 Name, Role, Value；ARIA aria-activedescendant",Active,手動,,https://www.w3.org/WAI/ARIA/apg/patterns/listbox/,APG Pattern Rule,焦點管理,選,3,,焦點移動
APG-LBX-015,Listbox container has listbox role,Listbox 容器具有 listbox 角色語意,Listbox 的容器元素須具備 listbox 的角色語意,An element that contains or owns all options has role=listbox.,包含或擁有所有選項的容器具有 role=listbox。,包含或擁有所有選項的元素須具備 role=listbox。,APG Listbox Pattern；SC 1.3.1 Info and Relationships；ARIA listbox,Active,手動,,https://www.w3.org/WAI/ARIA/apg/patterns/listbox/,APG Pattern Rule,頁面結構,必,2,,靜態語意／屬性
APG-LBX-016,Listbox items have option role and correct ownership,Listbox 項目具有 option 角色語意與正確所屬關係,Listbox 的每個選項須具備 option 角色語意並正確隸屬於 Listbox ,Each item has role=option and is contained in or owned by the listbox or by a group within the listbox.,選項具有 role=option，並位於 role=listbox 或其內部 role=group 的元素中，或由其擁有。,選項具有 role=option，並位於 role=listbox 或其內部 role=group。,APG Listbox Pattern；SC 1.3.1 Info and Relationships；ARIA option；ARIA group,Active,手動,,https://www.w3.org/WAI/ARIA/apg/patterns/listbox/,APG Pattern Rule,頁面結構,必,2,,靜態語意／屬性
APG-LBX-017,Listbox option groups contain options,Listbox 選項群組至少包含一個 option 角色的元素,Listbox 內的選項群組至少須包含一個選項,Every group in a listbox contains at least one option.,若 Listbox 使用 role=group 的元素分組，每個群組至少包含一個 role=option 的元素。,若 Listbox 使用 role=group，每個群組至少包含一個 role=option。,APG Listbox Pattern；SC 1.3.1 Info and Relationships；ARIA group；ARIA option,Active,手動,,https://www.w3.org/WAI/ARIA/apg/patterns/listbox/,APG Pattern Rule,頁面結構,必,2,,靜態語意／屬性
APG-LBX-018,Listbox option groups have accessible names,Listbox 選項群組具有無障礙名稱,Listbox 內的選項群組須具備無障礙名稱,Every group in a listbox has an accessible name from aria-label or aria-labelledby.,若 Listbox 使用 group 分組，每個群組以 aria-label 或 aria-labelledby 提供無障礙名稱。,Listbox 中的每個 group 須透過 aria-label 或 aria-labelledby 提供無障礙名稱。,"APG Listbox Pattern；SC 4.1.2 Name, Role, Value；ARIA group；ARIA aria-label；ARIA aria-labelledby",Active,手動,,https://www.w3.org/WAI/ARIA/apg/patterns/listbox/,APG Pattern Rule,元件語意,必,2,,靜態語意／屬性
APG-LBX-019,Standalone listbox has an accessible name,獨立 Listbox 具有無障礙名稱,獨立的 Listbox 須具備無障礙名稱,A listbox that is not part of another widget has an accessible name from aria-labelledby or aria-label.,不屬於其他元件的 Listbox 以 aria-labelledby 或 aria-label 提供無障礙名稱。,不屬於其他元件的獨立 Listbox，須透過 aria-labelledby 或 aria-label 提供無障礙名稱。,"APG Listbox Pattern；SC 2.4.6 Headings and Labels；SC 4.1.2 Name, Role, Value；ARIA aria-labelledby；ARIA aria-label",Active,手動,,https://www.w3.org/WAI/ARIA/apg/patterns/listbox/,APG Pattern Rule,元件語意,必,2,,靜態語意／屬性
APG-LBX-020,Multi-select listbox exposes aria-multiselectable,多選 Listbox 正確設定 aria-multiselectable,多選 Listbox 須設定 aria-multiselectable=true,A listbox that supports selecting more than one option has aria-multiselectable=true; a single-select listbox leaves it false or omitted.,多選 Listbox 設定 aria-multiselectable=true；單選 Listbox 則為 false 或省略。,支援多選的 Listbox 須設定 aria-multiselectable=true；單選 Listbox 則設為 false 或省略此屬性。,"APG Listbox Pattern；SC 4.1.2 Name, Role, Value；ARIA aria-multiselectable",Active,手動,,https://www.w3.org/WAI/ARIA/apg/patterns/listbox/,APG Pattern Rule,元件語意,必,3,,靜態語意／屬性
APG-LBX-021,Listbox option selection state is exposed consistently,Listbox 選項一致呈現選取狀態, Listbox 的選項須以一致的方式標示選取狀態,"Selectable options consistently use either aria-selected or aria-checked, with true on selected options and false on unselected options. Both states are used together only in the extremely rare case where they have different meanings, the interface makes each meaning apparent, and each state has a separate control method.",所有可選的 role=option 元素應一致使用 aria-selected 或 aria-checked，並以 true／false 反映選取狀態。只有兩種狀態用途不同、畫面能清楚區分，且各有獨立控制方式時，才可同時使用。,可選取的選項須一致使用 aria-selected 或 aria-checked 其中一種，選取時設為 true，未選取時設為 false。只有在兩者語意不同、介面清楚呈現各自意義，且各有獨立控制方法的極少數情況下，才同時使用兩種狀態。,"APG Listbox Pattern；SC 4.1.2 Name, Role, Value；ARIA aria-selected；ARIA aria-checked",Active,手動,,https://www.w3.org/WAI/ARIA/apg/patterns/listbox/,APG Pattern Rule,元件語意,必,2,,狀態變化
APG-LBX-022,Virtualized listbox exposes option position and set size,虛擬化 Listbox 正確提供選項位置與總數,虛擬化 Listbox 正確提供選項位置與總數,"When not all options are present in the DOM, rendered options expose correct aria-posinset and aria-setsize values.",若 Listbox 僅載入部分選項，各 role=option 元素的 aria-posinset 與 aria-setsize 正確表示位置及完整總數。,當 Listbox 並非將所有選項都渲染至 DOM 時，已渲染的選項須提供正確的 aria-posinset 與 aria-setsize 值。,APG Listbox Pattern；SC 1.3.1 Info and Relationships；ARIA aria-posinset；ARIA aria-setsize,Active,手動,,https://www.w3.org/WAI/ARIA/apg/patterns/listbox/,APG Pattern Rule,頁面結構,必,3,,靜態語意／屬性
APG-LBX-023,Horizontal listbox exposes horizontal orientation,水平 Listbox 呈現水平排列語意,水平排列的 Listbox 須標記水平方向語意,A visually horizontal listbox has aria-orientation=horizontal.,若 Listbox 在視覺上水平排列，設定 aria-orientation=horizontal。,水平排列的 Listbox 須設定 aria-orientation=horizontal。,"APG Listbox Pattern；SC 1.3.1 Info and Relationships；SC 4.1.2 Name, Role, Value；ARIA aria-orientation",Active,手動,,https://www.w3.org/WAI/ARIA/apg/patterns/listbox/,APG Pattern Rule,元件語意,必,3,,靜態語意／屬性
APG-LBX-024,Owned Listbox options preserve visual reading order,Listbox 外部擁有的選項維持閱讀順序,Listbox 外部選項須維持正確的輔助技術閱讀順序,"When aria-owns includes options outside the DOM subtree, their assistive technology reading order matches the visual order.",若以 aria-owns 納入外部 role=option 的元素，輔助科技的閱讀順序與畫面順序一致。,當 aria-owns 包含 DOM 子樹以外的選項時，輔助科技的閱讀順序須與視覺顯示順序一致。,APG Listbox Pattern；SC 1.3.2 Meaningful Sequence；ARIA aria-owns,Active,手動,,https://www.w3.org/WAI/ARIA/apg/patterns/listbox/,APG Pattern Rule,閱讀順序,必,3,,視覺與實際行為
APG-LBX-025,Owned Listbox options preserve visual focus order,Listbox 外部擁有的選項維持焦點順序,Listbox 的外部選項須維持正確的鍵盤焦點順序,"When aria-owns includes options outside the DOM subtree, scripted keyboard focus order matches the visual order.",若以 aria-owns 納入外部 role=option 的元素，使用鍵盤導覽並程式控制的焦點順序與畫面順序一致。,當 aria-owns 包含 DOM 子樹以外的選項時，透過程式控制的鍵盤焦點順序須與視覺顯示順序一致。,APG Listbox Pattern；SC 2.4.3 Focus Order；ARIA aria-owns,Active,手動,,https://www.w3.org/WAI/ARIA/apg/patterns/listbox/,APG Pattern Rule,焦點管理,必,3,,焦點移動
APG-LBX-026,Listbox options do not contain independently interactive controls,Listbox 選項不包含需獨立操作的控制項,Listbox 的選項內不應包含需獨立操作的互動元件,"An option does not contain independently interactive elements such as links, buttons, or checkboxes. A collection of items that requires interactive descendants uses the Grid Pattern instead of the Listbox Pattern.",role=option 的元素內沒有需獨立操作的鏈結、按鈕或核取方塊；若每個項目需要內部互動控制項，應改用 Grid Pattern。,選項內不應包含連結、按鈕或 Checkbox 等可獨立互動的元素。若項目需要包含可互動的子元素，應改用 Grid Pattern 而非 Listbox Pattern。,APG Listbox Pattern；SC 1.3.1 Info and Relationships；SC 2.1.1 Keyboard,Active,手動,,https://www.w3.org/WAI/ARIA/apg/patterns/listbox/,APG Pattern Rule,頁面結構,必,1,,靜態語意／屬性
APG-LBX-027,Listbox option names are concise and distinguishable,Listbox 選項名稱精簡且容易區分,Listbox 的選項名稱應精簡且便於區分,Option names avoid excessive length and unnecessary repeated prefixes so screen reader and keyboard users can efficiently distinguish and navigate the options.,選項名稱避免過長內容與重複的共同開頭，讓螢幕閱讀器及鍵盤使用者能快速辨識各選項。,選項名稱應避免過長或不必要的重複前綴，讓螢幕閱讀器與鍵盤使用者能有效率地區分與導覽各選項。,APG Listbox Pattern；SC 2.4.6 Headings and Labels,Active,手動,,https://www.w3.org/WAI/ARIA/apg/patterns/listbox/,APG Pattern Rule,頁面結構,選,1,,視覺與實際行為
APG-LBX-028,Horizontal listbox uses Left and Right Arrow navigation,水平 Listbox 使用向左鍵與向右鍵導覽,水平排列的 Listbox 使用向左和向右鍵進行導覽,"In a horizontal listbox, Right Arrow performs the navigation described by Down Arrow in a vertical listbox, and Left Arrow performs the navigation described by Up Arrow.",在水平 Listbox 中，向右鍵執行垂直 Listbox 中向下鍵所述的導覽，向左鍵執行向上鍵所述的導覽。,在水平 Listbox 中，右方向鍵的功能等同垂直 Listbox 的下方向鍵，左方向鍵的功能等同垂直 Listbox 的上方向鍵。,APG Listbox Pattern；SC 2.1.1 Keyboard；SC 2.4.3 Focus Order,Active,手動,,https://www.w3.org/WAI/ARIA/apg/patterns/listbox/,APG Pattern Rule,鍵盤操作,必,1,,鍵盤操作
APG-LINK-001,Link has link semantics,鏈結具有 link 角色語意,Link 具有連結角色語意,The element containing link text or graphics is a native link or has role=link.,包含鏈結文字或圖像的元素是原生鏈結，或具有 role=link。,包含連結文字或圖像的元素須為原生連結，或設定 role=link。,"APG Link Pattern；SC 1.3.1 Info and Relationships；SC 4.1.2 Name, Role, Value；ARIA link",Active,手動,,https://www.w3.org/WAI/ARIA/apg/patterns/link/,APG Pattern Rule,元件語意,必,2,,靜態語意／屬性
APG-LINK-002,Link activates with Enter and moves to its target,鏈結可用 Enter 啟用並前往目標,按 Enter 鍵啟動 Link 並跳至目標位置,"When a link has focus, Enter executes it and moves focus or navigation to the link target.",鏈結取得焦點時，按 Enter 會啟用鏈結，並將焦點移至鏈結目標或導覽至該目標。,當連結獲得焦點時，按 Enter 鍵可執行該連結，並將焦點或頁面導向連結目標。,APG Link Pattern；SC 2.1.1 Keyboard；SC 2.4.4 Link Purpose；ARIA link,Active,手動,,https://www.w3.org/WAI/ARIA/apg/patterns/link/,APG Pattern Rule,鍵盤操作,必,2,,焦點移動
APG-LINK-003,Custom link reproduces native link behavior,自訂鏈結完整提供原生鏈結行為,自訂 Link 須重現原生連結行為,"Native host-language links are preferred; if role=link is used on another element, the author provides standard link behavior such as keyboard navigation to the target and applicable context-menu actions.",優先使用原生語言的鏈結；若在其他元素上設定 role=link，須提供與原生鏈結一致的鍵盤前往目標及適用的快顯選單操作。,優先使用原生 HTML 連結；若在其他元素上使用 role=link，開發者須提供標準連結行為，例如用鍵盤導向目標及支援適用的右鍵選單操作。,"APG Link Pattern；SC 2.1.1 Keyboard；SC 4.1.2 Name, Role, Value；ARIA link",Active,手動,,https://www.w3.org/WAI/ARIA/apg/patterns/link/,APG Pattern Rule,鍵盤操作,選,3,,鍵盤操作
APG-LINK-004,Link context menu supports Shift+F10,鏈結可用 Shift+F10 開啟快顯選單,Link 的快捷選單支援 Shift + F10,"If a link provides a context menu, Shift+F10 opens that menu.",若鏈結提供快顯選單，將焦點移到鏈結後按 Shift+F10，選單開啟。,若連結提供快捷選單，按 Shift + F10 應能開啟該選單。,APG Link Pattern；SC 2.1.1 Keyboard,Active,手動,,https://www.w3.org/WAI/ARIA/apg/patterns/link/,APG Pattern Rule,鍵盤操作,選,3,,鍵盤操作
APG-LMK-001,Page major sections use landmark regions,頁面主要區塊具有 Landmark 語意,頁面主要區塊使用地標,Major perceivable sections of a page are identified with appropriate HTML sectioning elements or ARIA landmark roles.,頁首、主要內容、導覽、搜尋、頁尾等主要區塊以正確 HTML 段落元素或 ARIA Landmark 表達結構。,頁面中主要可感知的區塊，須使用適當的 HTML 區段元素或 ARIA 地標角色加以標示。,APG Landmark Regions Practice；Landmark Regions Practice；SC 1.3.1 Info and Relationships,Active,手動,,https://www.w3.org/WAI/ARIA/apg/practices/landmark-regions/,APG Pattern Rule,頁面結構,必,1,,靜態語意／屬性
APG-LMK-002,All perceivable content is contained in landmarks,所有可感知內容位於適當 Landmark 內,所有可感知內容都包含在地標中,All perceivable page content is contained within an appropriate landmark region so relevant information is not overlooked.,頁面上所有可感知內容都包含在用途適當的 Landmark 區域內，使相關資訊不會遭到忽略。,頁面上所有可感知的內容都須包含在適當的地標區域內，以確保重要資訊不被輔助科技遺漏。,APG Landmark Regions Practice；Landmark Regions Practice；SC 1.3.1 Info and Relationships；SC 2.4.1 Bypass Blocks,Active,手動,,https://www.w3.org/WAI/ARIA/apg/practices/landmark-regions/,APG Pattern Rule,頁面結構,必,1,,靜態語意／屬性
APG-LMK-003,Landmark roles match section purpose,Landmark 角色符合區塊用途,地標角色符合區塊用途,Each landmark has a semantically meaningful role that matches the purpose of the content it contains.,每個 Landmark 的角色語意應與其內容用途一致。,每個地標的角色語意須與其所包含內容的用途相符。,APG Landmark Regions Practice；Landmark Regions Practice；SC 1.3.1 Info and Relationships,Active,手動,,https://www.w3.org/WAI/ARIA/apg/practices/landmark-regions/,APG Pattern Rule,頁面結構,必,1,,靜態語意／屬性
APG-LMK-004,Page avoids excessive landmarks,頁面避免過多 Landmark,頁面避免過多地標,"The number of landmark regions remains useful rather than excessive; as a general rule of thumb, a page has seven or fewer landmarks unless additional regions are justified.",Landmark 區域的數量維持實用而不過多；一般而言，除非有充分理由增加區域，頁面上的 Landmark 不超過七個。,地標的數量應以實用為原則，不宜過多。一般建議一個頁面有七個以下的地標，除非有充分理由增加更多。,APG Landmark Regions Practice；Landmark Regions Practice；SC 2.4.1 Bypass Blocks,Active,手動,,https://www.w3.org/WAI/ARIA/apg/practices/landmark-regions/,APG Pattern Rule,導覽機制,選,1,,靜態語意／屬性
APG-LMK-005,Repeated landmark roles have distinguishing labels,重複的 Landmark 角色具有可區分名稱,重複出現的地標角色須有可區別的名稱,"When a landmark role appears more than once, each instance has a unique accessible label unless the instances have identical content and purpose.",同一頁若有多個相同角色的 Landmark，名稱能區分各區域；內容與用途完全相同時才可使用相同名稱。,當同一地標角色出現超過一次時，除非各實例的內容與用途完全相同，否則每個實例須有唯一的無障礙標籤。,APG Landmark Regions Practice；Landmark Regions Practice；SC 1.3.1 Info and Relationships；SC 2.4.6 Headings and Labels,Active,手動,,https://www.w3.org/WAI/ARIA/apg/practices/landmark-regions/,APG Pattern Rule,頁面結構,必,1,,靜態語意／屬性
APG-LMK-006,Landmark accessible names are meaningful without repeating the role name,Landmark 的無障礙名稱有意義且不重複角色名稱,地標的無障礙名稱有意義且不重複角色名稱,"A landmark label is provided from a visible heading with aria-labelledby or from aria-label when needed, and the label does not repeat the landmark role name.",需要名稱時，優先用 aria-labelledby 關聯可見標題，否則使用 aria-label；名稱不應重複「導覽」「主要內容」等角色字樣。,地標的標籤應透過 aria-labelledby 參照可見標題，或在必要時使用 aria-label 提供，且標籤內容不應重複地標的角色名稱。,APG Landmark Regions Practice；Landmark Regions Practice；SC 2.4.6 Headings and Labels；ARIA aria-labelledby；ARIA aria-label,Active,手動,,https://www.w3.org/WAI/ARIA/apg/practices/landmark-regions/,APG Pattern Rule,頁面結構,必,2,,靜態語意／屬性
APG-LMK-007,Main landmark is top level and appropriately limited,main 角色的 Landmark 位於頂層且數量適當,主要地標位於最高層級且數量適當,Each page has one top-level main landmark for its primary content. Each nested document or application context can have its own main landmark.,每個頁面的主要內容都有一個頂層 main 角色的 Landmark；每個巢狀 document 或 application 情境可各自具有 main 角色的 Landmark。,每個頁面應有一個最高層級的主要地標用於主要內容；每個巢狀的文件或應用程式情境可以擁有自己的主要地標。,APG Landmark Regions Practice；SC 1.3.1 Info and Relationships；ARIA main,Active,手動,,https://www.w3.org/WAI/ARIA/apg/practices/landmark-regions/,APG Pattern Rule,頁面結構,必,2,,靜態語意／屬性
APG-LMK-008,Multiple main landmarks have distinguishable accessible names,多個 main 角色的 Landmark 具有可區分的無障礙名稱,多個主要地標須有可區分的無障礙名稱,"If more than one main landmark is present in the same document or application context, each has a unique accessible label.",若同一 document 或 application 情境中有多個 main 角色的 Landmark，每個 main 角色的 Landmark 都具有可互相區分的無障礙名稱。,若同一文件或應用程式情境中有多個主要地標，每個須有唯一的無障礙名稱。,APG Landmark Regions Practice；SC 1.3.1 Info and Relationships；ARIA main；ARIA aria-label；ARIA aria-labelledby,Active,手動,,https://www.w3.org/WAI/ARIA/apg/practices/landmark-regions/,APG Pattern Rule,頁面結構,必,2,,靜態語意／屬性
APG-LMK-009,Banner landmark is top level and appropriately limited,banner 角色的 Landmark 位於頂層且數量適當,橫幅地標位於最高層級且數量適當,A page has no more than one top-level banner landmark. Each nested document or application context can have its own banner landmark.,每個頁面最多有一個頂層 banner 角色的 Landmark；每個巢狀 document 或 application 情境可各自具有 banner 角色的 Landmark。,一個頁面最多只能有一個最高層級的橫幅地標；每個巢狀的文件或應用程式情境可以擁有自己的橫幅地標。,APG Landmark Regions Practice；SC 1.3.1 Info and Relationships；ARIA banner,Active,手動,,https://www.w3.org/WAI/ARIA/apg/practices/landmark-regions/,APG Pattern Rule,頁面結構,必,2,,靜態語意／屬性
APG-LMK-010,Multiple banner landmarks have distinguishable accessible names,多個 banner 角色的 Landmark 具有可區分的無障礙名稱,多個橫幅地標須有可區分的無障礙名稱,"If more than one banner landmark is present in the same document or application context, each has a unique accessible label.",若同一 document 或 application 情境中有多個 banner 角色的 Landmark，每個 banner 角色的 Landmark 都具有可互相區分的無障礙名稱。,若同一文件或應用程式情境中有多個橫幅地標，每個須有唯一的無障礙名稱。,APG Landmark Regions Practice；SC 1.3.1 Info and Relationships；ARIA banner；ARIA aria-label；ARIA aria-labelledby,Active,手動,,https://www.w3.org/WAI/ARIA/apg/practices/landmark-regions/,APG Pattern Rule,頁面結構,必,2,,靜態語意／屬性
APG-LMK-011,Contentinfo landmark is top level and appropriately limited,contentinfo 角色的 Landmark 位於頂層且數量適當,資訊地標位於最高層級且數量適當,A page has no more than one top-level contentinfo landmark. Each nested document or application context can have its own contentinfo landmark.,每個頁面最多有一個頂層 contentinfo 角色的 Landmark；每個巢狀 document 或 application 情境可各自具有 contentinfo 角色的 Landmark。,一個頁面最多只能有一個最高層級的資訊地標；每個巢狀的文件或應用程式情境可以擁有自己的資訊地標。,APG Landmark Regions Practice；SC 1.3.1 Info and Relationships；ARIA contentinfo,Active,手動,,https://www.w3.org/WAI/ARIA/apg/practices/landmark-regions/,APG Pattern Rule,頁面結構,必,2,,靜態語意／屬性
APG-LMK-012,Multiple contentinfo landmarks have distinguishable accessible names,多個 contentinfo 角色的 Landmark 具有可區分的無障礙名稱,多個資訊地標須有可區分的無障礙名稱,"If more than one contentinfo landmark is present in the same document or application context, each has a unique accessible label.",若同一 document 或 application 情境中有多個 contentinfo 角色的 Landmark，每個 contentinfo 角色的 Landmark 都具有可互相區分的無障礙名稱。,若同一文件或應用程式情境中有多個資訊地標，每個須有唯一的無障礙名稱。,APG Landmark Regions Practice；SC 1.3.1 Info and Relationships；ARIA contentinfo；ARIA aria-label；ARIA aria-labelledby,Active,手動,,https://www.w3.org/WAI/ARIA/apg/practices/landmark-regions/,APG Pattern Rule,頁面結構,必,2,,靜態語意／屬性
APG-LMK-013,Complementary landmark contains related supporting content,complementary 角色的 Landmark 包含相關輔助內容,補充地標包含相關輔助內容,A complementary landmark is a top-level supporting section related to the main content and remains meaningful when separated. Unrelated content uses a more general role.,complementary 角色的 Landmark 是與主要內容相關的頂層輔助區段，單獨呈現時仍有意義；不相關的內容使用較一般性的角色。,補充地標是與主要內容相關的頂層輔助區塊，即使與主要內容分開也能獨立理解；不相關的內容應改用更通用的角色。,APG Landmark Regions Practice；Landmark Regions Practice；SC 1.3.1 Info and Relationships；ARIA complementary,Active,手動,,https://www.w3.org/WAI/ARIA/apg/practices/landmark-regions/,APG Pattern Rule,頁面結構,選,2,,靜態語意／屬性
APG-LMK-014,Form landmark has an accessible name that identifies its purpose,form 角色的 Landmark 具有可辨識用途的無障礙名稱,表單地標具有識別用途的無障礙名稱,"A form landmark has an accessible label that identifies its purpose, preferably provided by a visible heading.",form 角色的 Landmark 具有能說明表單用途的無障礙名稱，並優先以可見標題提供。,表單地標須有無障礙名稱來說明其用途，優先使用可見標題提供。,APG Landmark Regions Practice；SC 2.4.6 Headings and Labels；ARIA form；ARIA aria-label；ARIA aria-labelledby,Active,手動,,https://www.w3.org/WAI/ARIA/apg/practices/landmark-regions/,APG Pattern Rule,頁面結構,選,2,,靜態語意／屬性
APG-LMK-015,Form landmark is used for the correct scope and purpose,form 角色的 Landmark 用於正確的範圍與用途,表單地標用於正確的範圍與用途,"The form landmark represents an entire form rather than individual fields, and a form whose purpose is search uses the search landmark instead.",form 角色的 Landmark 套用在完整表單區域而非個別欄位；若表單用途是搜尋，則改用 search 角色的 Landmark。,表單地標代表整個表單而非個別欄位；若表單的用途是搜尋，應改用搜尋地標。,APG Landmark Regions Practice；SC 1.3.1 Info and Relationships；ARIA form；ARIA search,Active,手動,,https://www.w3.org/WAI/ARIA/apg/practices/landmark-regions/,APG Pattern Rule,頁面結構,選,2,,靜態語意／屬性
APG-LMK-016,Navigation landmarks are labelled consistently,navigation 角色的 Landmark 具有一致且可區分名稱,導覽地標標籤保持一致,"Multiple navigation landmarks have unique labels, while navigation landmarks containing identical link sets use the same label.",頁面有多個 navigation 角色的 Landmark 時，不同用途具有不同名稱；若鏈結集合完全相同，則使用相同名稱。,多個導覽地標各須有唯一標籤，但包含相同連結集合的導覽地標則使用相同名稱。,APG Landmark Regions Practice；Landmark Regions Practice；SC 1.3.1 Info and Relationships；ARIA navigation,Active,手動,,https://www.w3.org/WAI/ARIA/apg/practices/landmark-regions/,APG Pattern Rule,一致的識別、導覽與行為,必,2,,靜態語意／屬性
APG-LMK-017,Region landmark has an accessible label,region 角色的 Landmark 具有無障礙名稱,區域地標具有無障礙名稱,A region landmark identifies sufficiently important content not described by another named landmark and always has an accessible label.,region 角色的 Landmark 用於識別未由其他具名 Landmark 描述、且足夠重要的內容，並且一律具有無障礙名稱。,區域地標用於標示其他具名地標未涵蓋但足夠重要的內容，且必須提供無障礙名稱。,APG Landmark Regions Practice；Landmark Regions Practice；SC 1.3.1 Info and Relationships；SC 2.4.6 Headings and Labels；ARIA region,Active,手動,,https://www.w3.org/WAI/ARIA/apg/practices/landmark-regions/,APG Pattern Rule,頁面結構,必,2,,靜態語意／屬性
APG-LMK-018,Search functionality uses search landmark,搜尋功能使用 search 角色的 Landmark,搜尋功能使用搜尋地標,A collection of controls that together provide search functionality is identified with a search landmark instead of a form landmark.,組成搜尋功能的輸入與控制項位於 search 角色的 Landmark，而不是以 form 角色的 Landmark 表示。,提供搜尋功能的一組控制元件，應使用搜尋地標標示，而非表單地標。,APG Landmark Regions Practice；Landmark Regions Practice；SC 1.3.1 Info and Relationships；ARIA search,Active,手動,,https://www.w3.org/WAI/ARIA/apg/practices/landmark-regions/,APG Pattern Rule,頁面結構,必,2,,靜態語意／屬性
APG-LMK-019,Body-level header and footer expose page landmarks,body 層級的 header 與 footer 呈現頁面 Landmark,頁面層級的 Header 與 Footer 揭露頁面地標,A header or footer used for page-level content is in the body context and exposes the expected banner or contentinfo landmark.,用於頁面層級內容的 header 或 footer 應位於 body 情境中，並呈現預期的 banner 或 contentinfo 角色 Landmark。,用於頁面層級內容的 header 或 footer 元素須位於 body 情境中，並正確揭露預期的橫幅或資訊地標。,APG Landmark Regions Practice；Landmark Regions Practice；SC 1.3.1 Info and Relationships；ARIA banner；ARIA contentinfo,Active,手動,,https://www.w3.org/WAI/ARIA/apg/practices/landmark-regions/,APG Pattern Rule,頁面結構,必,2,,靜態語意／屬性
APG-LMK-020,Section used to create a region landmark has an accessible name,用於建立 region 角色 Landmark 的 section 具有無障礙名稱,用於建立區域地標的 Section 具有無障礙名稱,"If a section is used to create a region landmark, it has a meaningful accessible name and is exposed as a region in the accessibility tree.",若以 section 建立 region 角色的 Landmark，該 section 應具有可辨識的無障礙名稱，並在 accessibility tree 中呈現為 region 角色。,若 section 用於建立區域地標，它須提供有意義的無障礙名稱，並在 accessibility tree 中以 region 角色呈現。,APG Landmark Regions Practice；Landmark Regions Practice；SC 1.3.1 Info and Relationships；SC 2.4.6 Headings and Labels；ARIA region；ARIA aria-label；ARIA aria-labelledby,Active,手動,,https://www.w3.org/WAI/ARIA/apg/practices/landmark-regions/,APG Pattern Rule,頁面結構,必,2,,靜態語意／屬性
APG-LMK-021,Modal dialog content is not redundantly wrapped in a landmark,模態對話框內容不重複包在 Landmark 內,對話框內容不重複包在地標中,Modal dialog content is not unnecessarily wrapped in a landmark region because the dialog already provides a named container and boundaries while open.,模態對話框內容未再多包一層無實際導覽用途的 Landmark，以免增加重複且無效的區域。,對話框的內容不須重複包在地標區域中，因為對話框本身在開啟時已提供具名的容器與邊界。,APG Landmark Regions Practice；Landmark Regions Practice；SC 1.3.1 Info and Relationships,Active,手動,,https://www.w3.org/WAI/ARIA/apg/practices/landmark-regions/,APG Pattern Rule,頁面結構,選,1,,靜態語意／屬性
APG-RAD-001,Radio group supports Tab entry and exit with correct initial focus,Radio Group 可用 Tab 移入移出並設定正確起始焦點,Radio Group 可用 Tab 移入移出並設定正確起始焦點,"Outside a toolbar, Tab and Shift+Tab move focus into and out of the radio group. On entry, focus lands on the checked radio, or on the first radio if none is checked.",Radio Group 不在 toolbar 內時，Tab 與 Shift+Tab 可將焦點移入及移出群組；進入時焦點落在已選取的 radio，若皆未選取則落在第一個 radio。,在工具列以外的情況，Tab 與 Shift + Tab 可將焦點移入或移出單選群組。進入時，焦點落在已勾選的單選按鈕上；若無已勾選項目，則落在第一個單選按鈕上。,APG Radio Group Pattern；SC 2.1.1 Keyboard；SC 2.4.3 Focus Order,Active,手動,,https://www.w3.org/WAI/ARIA/apg/patterns/radio/,APG Pattern Rule,焦點管理,必,1,,焦點移動
APG-RAD-002,Space checks the focused radio,單選按鈕可用 Space 選取焦點項目,單選按鈕可用 Space 鍵選取焦點項目,"Outside a toolbar, Space checks the focused radio button if it is not already checked and unchecks any previously checked radio button in the group.",在 Toolbar 以外的 Radio Group 中，焦點位於未選取的單選按鈕時，按 Space 會選取該按鈕，並取消群組中先前選取的按鈕。,在工具列以外的情況，若焦點所在的單選按鈕尚未勾選，按 Space 鍵可勾選它，同時取消同群組中原本已勾選的項目。,"APG Radio Group Pattern；SC 2.1.1 Keyboard；SC 4.1.2 Name, Role, Value",Active,手動,,https://www.w3.org/WAI/ARIA/apg/patterns/radio/,APG Pattern Rule,鍵盤操作,必,1,,鍵盤操作
APG-RAD-003,Arrow keys move and select within a radio group,Radio Group 以方向鍵移動並更新選取項目,單選群組以方向鍵移動並更新選取項目,"Outside a toolbar, Right or Down Arrow moves to and checks the next radio, Left or Up Arrow moves to and checks the previous radio, and navigation wraps at group boundaries.",在 Toolbar 以外的 Radio Group 中，向右鍵或向下鍵會移到並選取下一個單選按鈕，向左鍵或向上鍵會移到並選取上一個單選按鈕，且導覽會在群組首尾循環。,在工具列以外的情況，右方向鍵或下方向鍵移至並勾選下一個單選按鈕，左方向鍵或上方向鍵移至並勾選前一個，且導覽到群組邊界時會循環至另一端。,"APG Radio Group Pattern；SC 2.1.1 Keyboard；SC 2.4.3 Focus Order；SC 4.1.2 Name, Role, Value",Active,手動,,https://www.w3.org/WAI/ARIA/apg/patterns/radio/,APG Pattern Rule,鍵盤操作,必,1,,鍵盤操作
APG-RAD-004,Toolbar radio arrow navigation does not change selection,工具列內的單選按鈕以方向鍵移動時不改變選取,工具列內的單選按鈕以方向鍵移動時不改變選取,"In a toolbar, horizontal arrow navigation moves through radio buttons and other toolbar items without changing the checked radio.",在 Toolbar 中，水平方向鍵導覽會在單選按鈕與其他 Toolbar 項目之間移動，且不改變目前選取的單選按鈕。,在工具列中的情況，水平方向鍵導覽可在單選按鈕與其他工具列項目間移動，但不改變已勾選的單選按鈕。,APG Radio Group Pattern；SC 2.1.1 Keyboard；SC 2.4.3 Focus Order,Active,手動,,https://www.w3.org/WAI/ARIA/apg/patterns/radio/,APG Pattern Rule,鍵盤操作,必,3,,鍵盤操作
APG-RAD-005,Space selects a focused toolbar radio,工具列內的單選按鈕可用 Space 選取,工具列內的單選按鈕可用 Space 鍵選取,"In a toolbar radio group, Space checks the focused radio and unchecks the previously checked radio.",在 Toolbar Radio Group 中，按 Space 會選取目前焦點的單選按鈕，並取消先前選取的按鈕。,在工具列中的情況，按 Space 鍵可勾選目前焦點所在的單選按鈕，並取消之前已選取的項目。,"APG Radio Group Pattern；SC 2.1.1 Keyboard；SC 4.1.2 Name, Role, Value",Active,手動,,https://www.w3.org/WAI/ARIA/apg/patterns/radio/,APG Pattern Rule,鍵盤操作,必,3,,鍵盤操作
APG-RAD-006,Enter selects a focused toolbar radio,工具列內的單選按鈕可用 Enter 選取,工具列內的單選按鈕可用 Enter 鍵選取,"In a Toolbar Radio Group, pressing Enter selects the focused radio button and deselects the previously selected radio button.",在 Toolbar Radio Group 中按 Enter 會選取目前焦點的單選按鈕，並取消先前選取的按鈕。,在工具列中的情況，按 Enter 鍵可選取目前焦點所在的單選按鈕，並取消之前已選取的項目。,"APG Radio Group Pattern；SC 2.1.1 Keyboard；SC 4.1.2 Name, Role, Value",Active,手動,,https://www.w3.org/WAI/ARIA/apg/patterns/radio/,APG Pattern Rule,鍵盤操作,選,3,,鍵盤操作
APG-RAD-007,Toolbar radio supports vertical arrow navigation,工具列內的單選按鈕支援向上鍵與向下鍵導覽,工具列內的單選按鈕支援向上鍵與向下鍵導覽,"In a Toolbar Radio Group, Down Arrow moves to the next radio button and Up Arrow moves to the previous radio button; focus wraps within the group without changing the selection state.",在 Toolbar Radio Group 中，向下鍵移到下一個單選按鈕，向上鍵移到上一個單選按鈕；焦點在群組首尾循環，且不會改變選取狀態。,在工具列中的情況，下方向鍵移至下一個單選按鈕，上方向鍵移至前一個；焦點在群組內循環，且不改變選取狀態。,APG Radio Group Pattern；SC 2.1.1 Keyboard；SC 2.4.3 Focus Order,Active,手動,,https://www.w3.org/WAI/ARIA/apg/patterns/radio/,APG Pattern Rule,鍵盤操作,選,3,,鍵盤操作
APG-RAD-008,Radio buttons are contained in a radiogroup,單選按鈕位於 role=radiogroup 的元素內,單選按鈕位於 role=radiogroup 內,The radio buttons are contained in or owned by an element with role=radiogroup.,所有單選按鈕位於 role=radiogroup 的容器內，或由該容器擁有。,所有單選按鈕須位於 role=radiogroup 內。,APG Radio Group Pattern；SC 1.3.1 Info and Relationships；ARIA radiogroup,Active,手動,,https://www.w3.org/WAI/ARIA/apg/patterns/radio/,APG Pattern Rule,頁面結構,必,2,,靜態語意／屬性
APG-RAD-009,Each radio has radio role,每個單選按鈕具有 radio 角色語意,每個單選按鈕具有 radio 角色語意,Each radio button has role=radio or equivalent native radio semantics.,每個單選按鈕具有 role=radio 或等效的原生單選按鈕語意。,每個單選按鈕須具有 role=radio 或等效的原生 radio 角色語意。,"APG Radio Group Pattern；SC 4.1.2 Name, Role, Value；ARIA radio",Active,手動,,https://www.w3.org/WAI/ARIA/apg/patterns/radio/,APG Pattern Rule,元件語意,必,2,,靜態語意／屬性
APG-RAD-010,Radio checked state is exposed correctly,單選按鈕正確呈現選取狀態,單選按鈕正確呈現選取狀態,The checked radio exposes aria-checked=true and every unchecked radio exposes aria-checked=false.,已選取的單選按鈕呈現 aria-checked=true，所有未選取的單選按鈕呈現 aria-checked=false。,已勾選的單選按鈕須為 aria-checked=true，每個未勾選的單選按鈕須為 aria-checked=false。,"APG Radio Group Pattern；SC 4.1.2 Name, Role, Value；ARIA aria-checked",Active,手動,,https://www.w3.org/WAI/ARIA/apg/patterns/radio/,APG Pattern Rule,元件語意,必,2,,狀態變化
APG-RAD-011,Each radio has an accessible name,每個單選按鈕具有無障礙名稱,每個單選按鈕具有無障礙名稱,"Each radio is named by its content, aria-labelledby, or aria-label.",單選按鈕能由文字內容、aria-labelledby 或 aria-label 取得清楚的無障礙名稱。,每個單選按鈕能由文字內容、aria-labelledby 或 aria-label 提供無障礙名稱。,"APG Radio Group Pattern；SC 2.4.6 Headings and Labels；SC 4.1.2 Name, Role, Value；ARIA aria-labelledby；ARIA aria-label",Active,手動,,https://www.w3.org/WAI/ARIA/apg/patterns/radio/,APG Pattern Rule,元件語意,必,2,,靜態語意／屬性
APG-RAD-012,Radio group has an accessible name,Radio Group 具有無障礙名稱,單選群組具有無障礙名稱,The radiogroup has an accessible name provided by aria-labelledby or aria-label.,role=radiogroup 的元素以 aria-labelledby 關聯可見標題，或以 aria-label 提供群組名稱。,單選群組須透過 aria-labelledby 或 aria-label 提供無障礙名稱。,"APG Radio Group Pattern；SC 2.4.6 Headings and Labels；SC 4.1.2 Name, Role, Value；ARIA aria-labelledby；ARIA aria-label",Active,手動,,https://www.w3.org/WAI/ARIA/apg/patterns/radio/,APG Pattern Rule,元件語意,必,2,,靜態語意／屬性
APG-RAD-013,Radio group or radio has an accessible description,單選按鈕群組或個別單選按鈕具有無障礙補充說明,單選按鈕群組或個別單選按鈕具有無障礙補充說明,"If a radio group or individual radio has supplementary information, aria-describedby on the relevant element refers to the element containing that information.",若單選按鈕群組或個別單選按鈕有補充說明，對應元素的 aria-describedby 指向包含該補充說明的元素。,若單選群組或個別單選按鈕有補充說明，相關元素的 aria-describedby 須指向包含該說明的元素。,APG Radio Group Pattern；SC 1.3.1 Info and Relationships；ARIA aria-describedby,Active,手動,,https://www.w3.org/WAI/ARIA/apg/patterns/radio/,APG Pattern Rule,頁面結構,必,2,,靜態語意／屬性
APG-SWT-001,Switch changes state with Space,開關可用 Space 切換狀態,開關可用 Space 切換狀態,開關可用 Space 切換狀態,當焦點位於開關時，按 Space 會切換其狀態。,當焦點位於開關時，按 Space 會切換其狀態。,"APG Switch Pattern；SC 2.1.1 Keyboard；SC 4.1.2 Name, Role, Value",Active,手動,,https://www.w3.org/WAI/ARIA/apg/patterns/switch/,APG Pattern Rule,鍵盤操作,必,1,,鍵盤操作
APG-SWT-002,Switch changes state with Enter,開關可用 Enter 切換狀態,開關可用 Enter 切換狀態,"When focus is on a switch, pressing Enter changes its state.",當焦點位於開關時，按 Enter 會切換其狀態。,當焦點位於開關時，按 Enter 會切換其狀態。,APG Switch Pattern；SC 2.1.1 Keyboard,Active,手動,,https://www.w3.org/WAI/ARIA/apg/patterns/switch/,APG Pattern Rule,鍵盤操作,選,1,,鍵盤操作
APG-SWT-003,Switch label remains stable when state changes,開關切換狀態時標籤保持不變,開關切換狀態時標籤保持不變,The label of a switch does not change when the switch changes between on and off.,Switch 在開啟與關閉狀態之間切換時，其標籤不會改變。,Switch 在開啟與關閉狀態之間切換時，其標籤不會改變。,"APG Switch Pattern；SC 3.2.4 Consistent Identification；SC 4.1.2 Name, Role, Value",Active,手動,,https://www.w3.org/WAI/ARIA/apg/patterns/switch/,APG Pattern Rule,一致的識別、導覽與行為,必,1,,狀態變化
APG-SWT-004,Switch exposes switch role in the accessibility tree,開關在 accessibility tree 中呈現 switch 角色,開關在 accessibility tree 中呈現 switch 角色,The computed role of the switch element in the accessibility tree is switch. An HTML input[type=checkbox] used as a switch also exposes role=switch.,Switch 元素在 accessibility tree 中的角色為 switch；若以 HTML input[type=checkbox] 實作 Switch，也會呈現 role=switch。,Switch 元素在 accessibility tree 中的計算角色為 switch；若以 HTML input[type=checkbox] 實作 Switch，也會呈現 role=switch。,"APG Switch Pattern；SC 4.1.2 Name, Role, Value；ARIA switch",Active,手動,,https://www.w3.org/WAI/ARIA/apg/patterns/switch/,APG Pattern Rule,元件語意,必,2,,靜態語意／屬性
APG-SWT-005,Switch has an accessible name,開關具有無障礙名稱,開關具有無障礙名稱,"The switch has an accessible name from its text content, aria-labelledby, or aria-label.",開關的無障礙名稱來自其文字內容、aria-labelledby 或 aria-label。,開關的無障礙名稱來自其文字內容、aria-labelledby 或 aria-label。,"APG Switch Pattern；SC 2.4.6 Headings and Labels；SC 4.1.2 Name, Role, Value；ARIA aria-labelledby；ARIA aria-label",Active,手動,,https://www.w3.org/WAI/ARIA/apg/patterns/switch/,APG Pattern Rule,元件語意,必,2,,靜態語意／屬性
APG-SWT-006,Switch state is exposed correctly,開關正確呈現開啟與關閉狀態,開關正確呈現開啟與關閉狀態,An on switch exposes aria-checked=true and an off switch exposes aria-checked=false; a checkbox input used as a switch uses its checked state.,開啟的 Switch 呈現 aria-checked=true，關閉的 Switch 呈現 aria-checked=false；若以 checkbox 輸入元件實作 Switch，則以其 checked 狀態表示。,開啟的 Switch 呈現 aria-checked=true，關閉的 Switch 呈現 aria-checked=false；若以 checkbox 輸入元件實作 Switch，則以其 checked 狀態表示。,"APG Switch Pattern；SC 4.1.2 Name, Role, Value；ARIA aria-checked",Active,手動,,https://www.w3.org/WAI/ARIA/apg/patterns/switch/,APG Pattern Rule,元件語意,必,2,,狀態變化
APG-SWT-007,Switch group has an accessible label,開關群組具有無障礙名稱,開關群組具有無障礙名稱,A logical group of switches with a visible label uses a labelled group container or a fieldset with legend.,若多個開關構成同一群組，使用有名稱的 role=group，或使用 fieldset 與 legend 標示群組。,若多個開關構成同一群組，使用有名稱的 role=group，或使用 fieldset 與 legend 標示群組。,"APG Switch Pattern；SC 1.3.1 Info and Relationships；SC 4.1.2 Name, Role, Value；ARIA group；ARIA aria-labelledby",Active,手動,,https://www.w3.org/WAI/ARIA/apg/patterns/switch/,APG Pattern Rule,元件語意,必,2,,靜態語意／屬性
APG-SWT-008,Switch or switch group has an accessible description,開關或開關群組具有無障礙補充說明,開關或開關群組具有無障礙補充說明,"If a switch or switch group has supplementary information, aria-describedby on the relevant element refers to the element containing that information.",若開關或開關群組有補充說明，對應元素的 aria-describedby 指向包含該補充說明的元素。,若開關或開關群組有補充說明，對應元素的 aria-describedby 指向包含該補充說明的元素。,APG Switch Pattern；SC 1.3.1 Info and Relationships；ARIA aria-describedby,Active,手動,,https://www.w3.org/WAI/ARIA/apg/patterns/switch/,APG Pattern Rule,頁面結構,必,2,,靜態語意／屬性
APG-TAB-001,Tab container has tablist role,Tab 容器具有 tablist 角色語意,Tab 容器須具備頁籤列的功能識別,The element containing the set of tabs has role=tablist.,承載整組 Tab 的容器具有 role=tablist。,包含所有 Tab 的容器須設定 role=tablist。,"APG Tabs Pattern；SC 1.3.1 Info and Relationships；SC 4.1.2 Name, Role, Value；ARIA tablist",Active,手動,,https://www.w3.org/WAI/ARIA/apg/patterns/tabs/,APG Pattern Rule,元件語意,必,2,,靜態語意／屬性
APG-TAB-002,Tablist has an accessible name,Tablist 具有無障礙名稱,Tablist 須具備無障礙名稱,"The tablist has an accessible name from aria-labelledby when a visible label exists, or from aria-label otherwise.",Tablist 有可見標籤時以 aria-labelledby 提供名稱，否則使用 aria-label 提供無障礙名稱。,當有可見標籤時，Tablist 須透過 aria-labelledby 提供無障礙名稱；否則使用 aria-label 提供無障礙名稱。,"APG Tabs Pattern；SC 4.1.2 Name, Role, Value；ARIA aria-labelledby；ARIA aria-label",Active,手動,,https://www.w3.org/WAI/ARIA/apg/patterns/tabs/,APG Pattern Rule,元件語意,必,2,,靜態語意／屬性
APG-TAB-003,Each tab has tab role inside tablist,每個 Tab 位於 Tablist 且具有 tab 角色語意,每個 Tab 須位於 Tablist 內且具備 Tab 的角色語意,Each tab element has role=tab and is contained by the element with role=tablist.,每個分頁標籤都具有 role=tab，且位於 role=tablist 的容器內。,每個 Tab 元素須設定 role=tab，且須包含在 role=tablist 中。,"APG Tabs Pattern；SC 1.3.1 Info and Relationships；SC 4.1.2 Name, Role, Value；ARIA tab；ARIA tablist",Active,手動,,https://www.w3.org/WAI/ARIA/apg/patterns/tabs/,APG Pattern Rule,元件語意,必,2,,靜態語意／屬性
APG-TAB-004,Each tab panel has tabpanel role,每個分頁內容區具有 tabpanel 角色語意,每個 Tab 對應的內容區域須具備 tabpanle 的角色語意,Each content panel associated with a tab has role=tabpanel.,每個由 Tab 顯示的內容區都具有 role=tabpanel。,與 Tab 關聯的每個內容面板須設定 role=tabpanel。,"APG Tabs Pattern；SC 1.3.1 Info and Relationships；SC 4.1.2 Name, Role, Value；ARIA tabpanel",Active,手動,,https://www.w3.org/WAI/ARIA/apg/patterns/tabs/,APG Pattern Rule,元件語意,必,2,,靜態語意／屬性
APG-TAB-005,Tab aria-controls identifies its panel,Tab 的 aria-controls 指向關聯內容區,Tab 的 aria-controls 須指向其對應的內容面板,Each tab has aria-controls referring to its associated tabpanel element.,每個 role=tab 元素的 aria-controls 指向其所控制的 role=tabpanel 元素 ID。,每個 Tab 須透過 aria-controls 參照其關聯的 tabpanel。,"APG Tabs Pattern；SC 4.1.2 Name, Role, Value；ARIA aria-controls",Active,手動,,https://www.w3.org/WAI/ARIA/apg/patterns/tabs/,APG Pattern Rule,元件語意,必,3,,靜態語意／屬性
APG-TAB-006,Active tab aria-selected state is correct,啟用中的 Tab 正確設定 aria-selected,目前啟用的 Tab aria-selected 狀態須正確設定,The active tab has aria-selected=true and every other tab has aria-selected=false.,作用中的 Tab 具有 aria-selected=true，其他所有 Tab 都具有 aria-selected=false。,作用中的 Tab 須設定 aria-selected=true，其餘所有 Tab 須設定 aria-selected=false。,"APG Tabs Pattern；SC 4.1.2 Name, Role, Value；ARIA aria-selected",Active,手動,,https://www.w3.org/WAI/ARIA/apg/patterns/tabs/,APG Pattern Rule,元件語意,必,2,,狀態變化
APG-TAB-007,Tab activation shows its panel and hides the previous panel,啟用 Tab 時顯示對應面板並隱藏原面板,切換 Tab 時須顯示對應面板並隱藏前一個面板,"When a tabbed interface is initialized, only the active tab's panel is displayed. When another tab is activated, its associated tabpanel becomes visible and the previously displayed tabpanel becomes hidden.",Tabbed Interface 初始化時只顯示作用中 Tab 的面板；啟用另一個 Tab 後，顯示其對應的 Tabpanel，並隱藏原先顯示的 Tabpanel。,Tab 初始化時，只顯示作用中 Tab 的 Panel。當另一個 Tab 被啟動時，其關聯的 Tabpanel 變為可見，之前顯示的 Tabpanel 則被隱藏。,"APG Tabs Pattern；SC 1.3.1 Info and Relationships；SC 4.1.2 Name, Role, Value",Active,手動,,https://www.w3.org/WAI/ARIA/apg/patterns/tabs/,APG Pattern Rule,動態內容,必,1,,狀態變化
APG-TAB-008,Tab panel has an accessible name provided by its associated tab,Tabpanel 具有無障礙名稱，且由關聯 Tab 提供,Tabpanel 的無障礙名稱須由對應的 Tab 提供,Each tabpanel has aria-labelledby referring to its associated tab element.,每個 role=tabpanel 元素的 aria-labelledby 指向其關聯的 role=tab 元素。,每個 Tabpanel 須透過 aria-labelledby 參照其關聯的 Tab 。,"APG Tabs Pattern；SC 1.3.1 Info and Relationships；SC 4.1.2 Name, Role, Value；ARIA aria-labelledby",Active,手動,,https://www.w3.org/WAI/ARIA/apg/patterns/tabs/,APG Pattern Rule,元件語意,必,2,,靜態語意／屬性
APG-TAB-009,Tab enters the active tab when focus reaches the tablist,Tab 進入 Tablist 時聚焦作用中的 Tab,鍵盤焦點進入 Tablist 時應聚焦於目前啟用的 Tab ,"When focus moves into a tablist with Tab, focus is placed on the active tab.",從 Tablist 前一個元件按 Tab，焦點落在目前作用中的 Tab。,當焦點以 Tab 鍵移入 Tablist 時，焦點落在目前作用中的 Tab 上。,APG Tabs Pattern；SC 2.1.1 Keyboard；SC 2.4.3 Focus Order,Active,手動,,https://www.w3.org/WAI/ARIA/apg/patterns/tabs/,APG Pattern Rule,焦點管理,必,1,,焦點移動
APG-TAB-010,Tab leaves the tablist for its panel content,Tab 離開 Tablist 後移至對應內容,Tab 鍵離開 Tablist 時應移至對應的內容面板,"When the tablist contains focus, the next Tab moves to the associated tabpanel unless its first meaningful content element is focusable, in which case focus moves to that element.",焦點位於 Tablist 時再按 Tab，焦點移至對應的 Tabpanel；若面板內第一個有意義的內容可聚焦，則移至該元素。,當 Tablist 有焦點時，再按 Tab 鍵移至關聯的 Tabpanel；若 Tabpanel 的第一個有意義的內容可獲得焦點，則焦點移至該元素。,APG Tabs Pattern；SC 2.1.1 Keyboard；SC 2.4.3 Focus Order,Active,手動,,https://www.w3.org/WAI/ARIA/apg/patterns/tabs/,APG Pattern Rule,焦點管理,必,1,,焦點移動
APG-TAB-011,Horizontal tabs support Left and Right Arrow wrapping,水平 Tab 以向左鍵與向右鍵循環移動焦點,水平 Tab 列支援向左鍵與向右鍵循環切換焦點,"In a horizontal tablist, Left Arrow moves to the previous tab and Right Arrow moves to the next tab, wrapping from first to last and last to first.",焦點位於水平 Tab 時，按向左鍵與向右鍵應移到前後 Tab；在第一個或最後一個 Tab 時應循環至另一端。,在水平 Tablist 中，左方向鍵移至前一個 Tab，右方向鍵移至下一個 Tab，且導覽到兩端時會循環。,APG Tabs Pattern；SC 2.1.1 Keyboard；SC 2.4.3 Focus Order,Active,手動,,https://www.w3.org/WAI/ARIA/apg/patterns/tabs/,APG Pattern Rule,鍵盤操作,必,1,,鍵盤操作
APG-TAB-012,Vertical tabs support Up and Down Arrow wrapping,垂直 Tab 以向上鍵與向下鍵循環移動焦點,垂直 Tab 支援向上鍵與向下鍵循環切換焦點,"In a tablist with aria-orientation=vertical, Down Arrow performs as Right Arrow and Up Arrow performs as Left Arrow.",tablist 設定 aria-orientation=vertical 時，向下鍵執行向右鍵的行為，向上鍵執行向左鍵的行為。,在設有 aria-orientation=vertical 的 Tablist 中，下方向鍵的功能等同水平 Tablist 的右方向鍵，上方向鍵等同左方向鍵。,APG Tabs Pattern；SC 2.1.1 Keyboard；SC 2.4.3 Focus Order；ARIA aria-orientation,Active,手動,,https://www.w3.org/WAI/ARIA/apg/patterns/tabs/,APG Pattern Rule,鍵盤操作,必,3,1,鍵盤操作
APG-TAB-013,Manual tabs activate with Enter or Space,手動啟用的 Tab 可用 Enter 或 Space 啟用,手動模式的 Tab 可用 Enter 鍵或 Space 鍵啟用,"If tabs are not activated automatically when focused, Enter or Space activates the focused tab and displays its panel.",若 Tab 不會在焦點移入時自動顯示內容，按 Enter 或 Space 應啟用該 Tab 並顯示對應內容區。,若 Tab 不在獲得焦點時自動啟動，則按 Enter 或 Space 可啟動焦點所在的 Tab 並顯示其 Panel。,"APG Tabs Pattern；SC 2.1.1 Keyboard；SC 4.1.2 Name, Role, Value",Active,手動,,https://www.w3.org/WAI/ARIA/apg/patterns/tabs/,APG Pattern Rule,鍵盤操作,必,1,,鍵盤操作
APG-TAB-014,Home and End move to first and last tab,Home 與 End 可移至首末 Tab,Home 鍵與 End 鍵可分別移至第一個與最後一個頁籤,Home moves focus to the first tab and End moves focus to the last tab.,Home 會將焦點移到第一個 Tab，End 會將焦點移到最後一個 Tab。,Home 鍵將焦點移至第一個 Tab，End 鍵將焦點移至最後一個 Tab。,APG Tabs Pattern；SC 2.1.1 Keyboard；SC 2.4.3 Focus Order,Active,手動,,https://www.w3.org/WAI/ARIA/apg/patterns/tabs/,APG Pattern Rule,鍵盤操作,選,1,,焦點移動
APG-TAB-015,Non-focusable tab panel is reachable in page Tab order,無可聚焦內容的 Tabpanel 可進入頁面 Tab 順序,內容無可聚焦元素的 Tabpanel 仍可納入頁面 Tab 鍵順序,"If a tabpanel has no focusable elements and its first meaningful content is not focusable, the tabpanel has tabindex=0.",若 role=tabpanel 的元素沒有可聚焦元素，且其第一個有意義的內容也不可聚焦，該元素應設定 tabindex=0。,若 Tabpanel 沒有可聚焦的元素，且其第一個有意義的內容也不可聚焦，則 Tabpanel 須設定 tabindex=0。,APG Tabs Pattern；SC 2.1.1 Keyboard；SC 2.4.3 Focus Order；ARIA tabindex,Active,手動,,https://www.w3.org/WAI/ARIA/apg/patterns/tabs/,APG Pattern Rule,焦點管理,必,1,,焦點移動
APG-TAB-016,Horizontal tablist preserves vertical scrolling keys,水平 Tablist 保留向上鍵與向下鍵的捲動功能,水平 Tablist 不攔截向上鍵與向下鍵，以保留捲動功能,"A horizontal tablist does not listen for Down Arrow or Up Arrow, allowing those keys to retain their normal browser scrolling behavior.",焦點位於水平 Tablist 時，按向上鍵與向下鍵應維持瀏覽器原有的頁面捲動功能，不可被 Tab 元件攔截。,焦點位於水平 Tablist 時，按向上鍵與向下鍵應維持瀏覽器原有的頁面捲動功能，不可被 Tab 元件攔截。,APG Tabs Pattern；SC 2.1.1 Keyboard；SC 2.1.2 No Keyboard Trap,Active,手動,,https://www.w3.org/WAI/ARIA/apg/patterns/tabs/,APG Pattern Rule,鍵盤操作,必,1,,鍵盤操作
APG-TAB-017,Shift+F10 opens an associated Tab popup menu,Shift+F10 可開啟 Tab 的關聯快顯選單,Shift+F10 可開啟 Tab 的關聯快顯選單,"If a tab has an associated popup menu, Shift+F10 opens the menu.",若 Tab 具有關聯快顯選單，焦點位於該 Tab 時按 Shift+F10 可開啟選單。,若 Tab 有關聯的彈出選單，按 Shift + F10 應能開啟該選單。,APG Tabs Pattern；SC 2.1.1 Keyboard,Active,手動,,https://www.w3.org/WAI/ARIA/apg/patterns/tabs/,APG Pattern Rule,鍵盤操作,必,3,,鍵盤操作
APG-TAB-018,Tab with a popup menu exposes aria-haspopup,具有快顯選單的 Tab 呈現 aria-haspopup 語意,具有快顯選單的 Tab 須標記 aria-haspopup,"If a tab has an associated popup menu, it has aria-haspopup set to menu or true.",若 Tab 具有關聯快顯選單，該 Tab 設定 aria-haspopup=menu 或 true。,若 Tab 有關聯的彈出選單，須將 aria-haspopup 設定為 menu 或 true。,"APG Tabs Pattern；SC 4.1.2 Name, Role, Value；ARIA aria-haspopup",Active,手動,,https://www.w3.org/WAI/ARIA/apg/patterns/tabs/,APG Pattern Rule,元件語意,必,3,,靜態語意／屬性
APG-TAB-019,Deletable tabs restore focus logically,可刪除的 Tab 在刪除後合理移動焦點,可刪除的 Tab 後焦點應移至合理的相鄰位置,"Pressing Delete closes the current tab and its panel and moves focus to an adjacent tab; when the last tab is deleted, focus moves to a logical element in the workflow.",按 Delete 應關閉目前 Tab 與內容區，並將焦點移到相鄰 Tab；刪除最後一個 Tab 時移到流程上合理的元素。,按 Delete 鍵關閉目前 Tab 及其 Panel，並將焦點移至相鄰的 Tab；若刪除的是最後一個 Tab，則焦點移至工作流程中合理的元素。,APG Tabs Pattern；SC 2.1.1 Keyboard；SC 2.4.3 Focus Order,Active,手動,,https://www.w3.org/WAI/ARIA/apg/patterns/tabs/,APG Pattern Rule,焦點管理,選,1,,焦點移動
APG-TAB-020,Tab deletion is available from a context menu when Delete is not used,未使用 Delete 時可從內容選單刪除 Tab,若不支援 Delete 鍵刪除，可透過右鍵選單執行刪除 Tab ,"If tab deletion is available but the Delete key is not supported, the delete function is available from the tab's context menu.",若 Tab 可刪除但未支援 Delete 鍵，使用者可從該 Tab 的內容選單執行刪除。,若支援刪除 Tab 但不使用 Delete 鍵，刪除功能須可透過 Tab 的快捷選單執行。,APG Tabs Pattern；SC 2.1.1 Keyboard,Active,手動,,https://www.w3.org/WAI/ARIA/apg/patterns/tabs/,APG Pattern Rule,鍵盤操作,選,1,,鍵盤操作
APG-TAB-021,Automatic tab activation has no noticeable latency,自動啟用 Tab 時內容不會明顯延遲,自動啟用模式的 Tab 切換不應有明顯延遲,"If tabs activate automatically on focus, the associated panel is displayed without noticeable latency; otherwise manual activation is used.",若 Tab 在取得焦點時自動啟用，其關聯面板會在沒有可察覺延遲的情況下顯示；否則使用手動啟用。,若 Tab 在獲得焦點時自動啟動，其關聯 Panel 須立即顯示，無明顯延遲；否則應改用手動啟動模式。,APG Tabs Pattern；SC 2.1.1 Keyboard；SC 2.4.3 Focus Order,Active,手動,,https://www.w3.org/WAI/ARIA/apg/patterns/tabs/,APG Pattern Rule,焦點管理,選,1,,視覺與實際行為
APG-TAB-022,Vertical tablist exposes vertical orientation,垂直 Tablist 呈現垂直排列語意,垂直 Tablist 須標記垂直方向屬性,A visually vertical tablist has aria-orientation=vertical. A horizontal tablist has the default horizontal orientation unless explicitly set otherwise.,視覺上垂直排列的 tablist 設定 aria-orientation=vertical；水平排列的 tablist 除非另有明確設定，否則採用預設的水平方向。,視覺上垂直排列的 Tablist 須設定 aria-orientation=vertical；水平 Tablist 預設為水平方向，除非另行明確設定。,"APG Tabs Pattern；SC 1.3.1 Info and Relationships；SC 4.1.2 Name, Role, Value；ARIA aria-orientation",Active,手動,,https://www.w3.org/WAI/ARIA/apg/patterns/tabs/,APG Pattern Rule,元件語意,必,3,,靜態語意／屬性
APG-TBL-001,Table remains a static tabular structure,表格維持靜態表格結構,表格維持靜態表格結構,A table is not implemented as an interactive composite widget; its cells are not made focusable or selectable solely for table navigation.,表格不實作為互動式複合元件；其儲存格不會只為了表格導覽而設為可聚焦或可選取。,表格不實作為互動式複合元件；其儲存格不會只為了表格導覽而設為可聚焦或可選取。,APG Table Pattern；SC 1.3.1 Info and Relationships；SC 2.1.1 Keyboard,Active,手動,,https://www.w3.org/WAI/ARIA/apg/patterns/table/,APG Pattern Rule,頁面結構,必,1,,靜態語意／屬性
APG-TBL-002,Widgets in a static table remain separate Tab stops,靜態表格內的互動元件維持個別 Tab 停駐點,靜態表格內的互動元件維持個別 Tab 停駐點,"Each interactive widget contained in a static table is a separate stop in the page Tab sequence. If this produces an impractically long sequence, an interactive grid pattern is used instead.",靜態表格內的每個互動元件都是頁面 Tab 順序中的獨立停駐點；若因此造成過長且不實用的 Tab 順序，則改用互動式 Grid Pattern。,靜態表格內的每個互動元件都是頁面 Tab 順序中的獨立停駐點；若因此造成過長且不實用的 Tab 順序，則改用互動式 Grid Pattern。,APG Table Pattern；SC 2.1.1 Keyboard；SC 2.4.3 Focus Order,Active,手動,,https://www.w3.org/WAI/ARIA/apg/patterns/table/,APG Pattern Rule,焦點管理,必,1,,焦點移動
APG-TBL-003,Table container has table role,表格容器具有 table 角色語意,表格容器具有 table 角色語意,The table container has role=table or native HTML table semantics.,表格容器具有 role=table 或原生 HTML table 語意。,表格容器具有 role=table 或原生 HTML table 語意。,APG Table Pattern；SC 1.3.1 Info and Relationships；ARIA table,Active,手動,,https://www.w3.org/WAI/ARIA/apg/patterns/table/,APG Pattern Rule,頁面結構,必,3,2,靜態語意／屬性
APG-TBL-004,Table rows have correct role and ownership,表格列具有正確角色與所屬關係,表格列具有正確角色與所屬關係,Each row has role=row and is a descendant of or owned by the table or a rowgroup.,每一列具有 role=row，並位於 role=table 或 role=rowgroup 的元素之內，或由其擁有。,每一列具有 role=row，並位於 role=table 或 role=rowgroup 的元素之內，或由其擁有。,APG Table Pattern；SC 1.3.1 Info and Relationships；ARIA row；ARIA rowgroup,Active,手動,,https://www.w3.org/WAI/ARIA/apg/patterns/table/,APG Pattern Rule,頁面結構,必,3,,靜態語意／屬性
APG-TBL-005,Table cells use roles that match their purpose,表格儲存格角色符合內容用途,表格儲存格角色符合內容用途,"Each cell belongs to a row and uses columnheader, rowheader, or cell according to whether it is a column header, row header, or data cell.",儲存格屬於 role=row 的元素，並依用途正確使用 columnheader、rowheader 或 cell 角色語意。,儲存格屬於 role=row 的元素，並依用途正確使用 columnheader、rowheader 或 cell 角色語意。,APG Table Pattern；SC 1.3.1 Info and Relationships；ARIA columnheader；ARIA rowheader；ARIA cell,Active,手動,,https://www.w3.org/WAI/ARIA/apg/patterns/table/,APG Pattern Rule,頁面結構,必,3,,靜態語意／屬性
APG-TBL-006,Table has an accessible name,表格具有無障礙名稱,表格具有無障礙名稱,"The table is named with aria-labelledby when a visible label exists, or with aria-label otherwise.",表格以 aria-labelledby 關聯可見標題；沒有可見標題時，以 aria-label 提供名稱。,表格以 aria-labelledby 關聯可見標題；沒有可見標題時，以 aria-label 提供名稱。,"APG Table Pattern；SC 2.4.6 Headings and Labels；SC 4.1.2 Name, Role, Value；ARIA aria-labelledby；ARIA aria-label",Active,手動,,https://www.w3.org/WAI/ARIA/apg/patterns/table/,APG Pattern Rule,元件語意,必,2,,靜態語意／屬性
APG-TBL-007,Table has an accessible description that is provided by its caption or supplementary information,表格具有無障礙補充說明，且由標題或補充說明提供,表格具有無障礙補充說明，且由標題或補充說明提供,"If a table has a caption or supplementary information, aria-describedby refers to the element containing that content.",若表格有標題或補充說明，aria-describedby 指向包含該內容的元素。,若表格有標題或補充說明，aria-describedby 指向包含該內容的元素。,APG Table Pattern；SC 1.3.1 Info and Relationships；ARIA aria-describedby,Active,手動,,https://www.w3.org/WAI/ARIA/apg/patterns/table/,APG Pattern Rule,頁面結構,必,2,,靜態語意／屬性
APG-TBL-008,Sortable table exposes the current sort state,可排序表格正確呈現目前排序狀態,可排序表格正確呈現目前排序狀態,"When rows or columns are sortable, aria-sort on the sorted header identifies the current sort direction.",列或欄可排序時，已排序標題儲存格上的 aria-sort 會表示目前的排序方向。,列或欄可排序時，已排序標題儲存格上的 aria-sort 會表示目前的排序方向。,"APG Table Pattern；SC 4.1.2 Name, Role, Value；ARIA aria-sort",Active,手動,,https://www.w3.org/WAI/ARIA/apg/patterns/table/,APG Pattern Rule,元件語意,必,3,,狀態變化
APG-TBL-009,Table exposes total counts for dimensions missing from the DOM,表格依未完整呈現的維度提供總數,表格依未完整呈現的維度提供總數,"When some rows are hidden or absent from the DOM, aria-rowcount exposes the complete row total. When some columns are hidden or absent, aria-colcount exposes the complete column total. Only the affected dimensions are required.",若部分列未出現在 DOM，使用 aria-rowcount 表示完整列數；若部分欄未出現，使用 aria-colcount 表示完整欄數，只需設定實際受影響的維度。,若部分列未出現在 DOM，使用 aria-rowcount 表示完整列數；若部分欄未出現，使用 aria-colcount 表示完整欄數，只需設定實際受影響的維度。,APG Table Pattern；SC 1.3.1 Info and Relationships；ARIA aria-rowcount；ARIA aria-colcount,Active,手動,,https://www.w3.org/WAI/ARIA/apg/patterns/table/,APG Pattern Rule,頁面結構,必,3,,靜態語意／屬性
APG-TBL-010,Table exposes positions for dimensions missing from the DOM,表格依未完整呈現的維度提供位置,表格依未完整呈現的維度提供位置,"When rows are not all present in the DOM, aria-rowindex exposes each rendered row's position in the complete table. When columns are not all present, aria-colindex exposes each rendered column's position. Only the affected dimensions are required.",若部分列未出現在 DOM，aria-rowindex 表示每個已呈現列在完整表格中的位置；若部分欄未出現，aria-colindex 表示每個已呈現欄的位置。只需設定受影響的維度。,若部分列未出現在 DOM，aria-rowindex 表示每個已呈現列在完整表格中的位置；若部分欄未出現，aria-colindex 表示每個已呈現欄的位置。只需設定受影響的維度。,APG Table Pattern；SC 1.3.1 Info and Relationships；ARIA aria-rowindex；ARIA aria-colindex,Active,手動,,https://www.w3.org/WAI/ARIA/apg/patterns/table/,APG Pattern Rule,頁面結構,必,3,,靜態語意／屬性
APG-TBL-011,Table exposes spanning cells correctly,表格正確呈現跨列與跨欄儲存格,表格正確呈現跨列與跨欄儲存格,Cells spanning multiple rows or columns expose the correct aria-rowspan and aria-colspan values when native span semantics are unavailable.,當無法使用原生跨格語意時，跨越多列或多欄的儲存格會提供正確的 aria-rowspan 與 aria-colspan 值。,當無法使用原生跨格語意時，跨越多列或多欄的儲存格會提供正確的 aria-rowspan 與 aria-colspan 值。,APG Table Pattern；SC 1.3.1 Info and Relationships；ARIA aria-rowspan；ARIA aria-colspan,Active,手動,,https://www.w3.org/WAI/ARIA/apg/patterns/table/,APG Pattern Rule,頁面結構,必,3,,靜態語意／屬性
APG-TBL-012,Owned table rows and cells preserve the intended reading order,表格以 aria-owns 納入的列與儲存格維持正確閱讀順序,表格以 aria-owns 納入的列與儲存格維持正確閱讀順序,"If rows or cells are included with aria-owns, their assistive technology reading order matches the intended visual order, accounting for owned elements being presented after DOM descendants unless those descendants are also included in aria-owns.",若以 aria-owns 納入列或儲存格，其輔助科技閱讀順序應符合預期的畫面順序；並應考量被擁有的元素會排在 DOM 子元素之後，除非這些子元素也包含在 aria-owns 中。,若以 aria-owns 納入列或儲存格，其輔助科技閱讀順序應符合預期的畫面順序；並應考量被擁有的元素會排在 DOM 子元素之後，除非這些子元素也包含在 aria-owns 中。,APG Table Pattern；SC 1.3.2 Meaningful Sequence；ARIA aria-owns,Active,手動,,https://www.w3.org/WAI/ARIA/apg/patterns/table/,APG Pattern Rule,閱讀順序,必,3,,視覺與實際行為
APG-TIP-001,Tooltip appears on keyboard focus,工具提示可由鍵盤焦點觸發,工具提示可由鍵盤焦點觸發,"The tooltip appears when its trigger receives keyboard focus, typically after a small delay.",工具提示觸發元素取得鍵盤焦點後，提示內容通常會在短暫延遲後出現。,工具提示觸發元素取得鍵盤焦點後，提示內容通常會在短暫延遲後出現。,APG Tooltip Pattern；SC 1.4.13 Content on Hover or Focus；SC 2.1.1 Keyboard,Draft,手動,,https://www.w3.org/WAI/ARIA/apg/patterns/tooltip/,APG Pattern Rule,鍵盤操作,必,1,,鍵盤操作
APG-TIP-002,Tooltip appears on pointer hover,工具提示可由指標懸浮觸發,工具提示可由指標懸浮觸發,"The tooltip appears when the pointer hovers over its trigger, typically after a small delay.",指標懸浮在工具提示觸發元素上方後，提示內容通常會在短暫延遲後出現。,當指標懸停在觸發元素上時，工具提示會顯示，通常會有短暫延遲。,APG Tooltip Pattern；SC 1.4.13 Content on Hover or Focus,Draft,手動,,https://www.w3.org/WAI/ARIA/apg/patterns/tooltip/,APG Pattern Rule,指標與觸控操作,必,1,,視覺與實際行為
APG-TIP-003,Escape dismisses the tooltip,工具提示可用 Escape 關閉,按下 Escape 鍵可關閉工具提示,Escape dismisses the visible tooltip.,工具提示顯示時按 Escape，提示內容會關閉。,按 Escape 鍵可關閉工具提示。,APG Tooltip Pattern；SC 1.4.13 Content on Hover or Focus；SC 2.1.1 Keyboard,Draft,手動,,https://www.w3.org/WAI/ARIA/apg/patterns/tooltip/,APG Pattern Rule,鍵盤操作,必,1,,鍵盤操作
APG-TIP-004,Tooltip does not receive keyboard focus,工具提示本身不接收鍵盤焦點,工具提示不應接收鍵盤焦點,Keyboard focus remains on the triggering element while the tooltip is displayed; content requiring focus is implemented with a non-modal dialog instead.,工具提示顯示期間，鍵盤焦點維持在觸發元素上；需要取得焦點的內容改以非模態對話框實作。,工具提示顯示時，鍵盤焦點應保持在觸發元素上；若內容需要接收焦點，應改用對話框。,APG Tooltip Pattern；SC 2.1.1 Keyboard；SC 2.4.3 Focus Order,Draft,手動,,https://www.w3.org/WAI/ARIA/apg/patterns/tooltip/,APG Pattern Rule,焦點管理,必,1,,焦點移動
APG-TIP-005,Focus-triggered tooltip closes when focus leaves,由焦點觸發的工具提示會在焦點離開後關閉,由鍵盤焦點觸發的工具提示應在焦點離開時關閉,A tooltip opened when its trigger receives focus is dismissed when the trigger loses focus.,由觸發元素取得焦點而顯示的工具提示，會在該元素失去焦點時關閉。,由觸發元素獲得焦點而開啟的工具提示，在該元素失去焦點時關閉。,APG Tooltip Pattern；SC 1.4.13 Content on Hover or Focus；SC 2.4.3 Focus Order,Draft,手動,,https://www.w3.org/WAI/ARIA/apg/patterns/tooltip/,APG Pattern Rule,焦點管理,必,1,,靜態語意／屬性
APG-TIP-006,Hover-triggered tooltip remains visible while hovered,由懸浮觸發的工具提示在指標停留期間保持顯示,由滑鼠懸停觸發的工具提示在指標停留期間應保持顯示,A tooltip opened by pointer hover remains visible while the pointer is over either the trigger or the tooltip.,由指標懸浮觸發的工具提示，在指標位於觸發元素或工具提示上方時持續顯示。,由指標懸停觸發的工具提示，在指標停留在觸發元素或工具提示本身上時須持續顯示。,APG Tooltip Pattern；SC 1.4.13 Content on Hover or Focus,Draft,手動,,https://www.w3.org/WAI/ARIA/apg/patterns/tooltip/,APG Pattern Rule,指標與觸控操作,必,1,,視覺與實際行為
APG-TIP-007,Hover-triggered tooltip closes after pointer leaves,由懸浮觸發的工具提示會在指標離開後關閉,由滑鼠懸停觸發的工具提示應在指標離開後關閉,A tooltip opened by pointer hover is dismissed after the pointer leaves both the trigger and the tooltip.,由指標懸浮觸發的工具提示，在指標離開觸發元素與工具提示後會關閉。,由指標懸停觸發的工具提示，在指標離開觸發元素與工具提示後須關閉。,APG Tooltip Pattern；SC 1.4.13 Content on Hover or Focus,Draft,手動,,https://www.w3.org/WAI/ARIA/apg/patterns/tooltip/,APG Pattern Rule,指標與觸控操作,必,1,,視覺與實際行為
APG-TIP-008,Tooltip container has tooltip role,工具提示容器具有 tooltip 角色語意,工具提示容器須具有 tooltip 角色語意,The tooltip container has role=tooltip.,提示內容容器具有 role=tooltip。,工具提示的容器元素須設定 role=tooltip。,"APG Tooltip Pattern；SC 4.1.2 Name, Role, Value；ARIA tooltip",Draft,手動,,https://www.w3.org/WAI/ARIA/apg/patterns/tooltip/,APG Pattern Rule,元件語意,必,3,,靜態語意／屬性
APG-TIP-009,Tooltip trigger has an accessible description that is provided by the tooltip element,工具提示觸發元素具有無障礙補充說明，且由工具提示元素提供,工具提示的觸發元素須以工具提示元素作為無障礙補充描述,The tooltip trigger has aria-describedby referring to the tooltip element that provides its supplementary information.,工具提示觸發元素的 aria-describedby 指向提供補充說明的工具提示元素。,工具提示的觸發元素須透過 aria-describedby 參照提供補充說明的工具提示元素。,Draft,手動,,https://www.w3.org/WAI/ARIA/apg/patterns/tooltip/,APG Pattern Rule,元件語意,必,2,,靜態語意／屬性,Tang
